prediction_date,ticker,rank,entry_price,stop_price,target_price,rr_ratio,ema200_uptrend_pct,ema200_current_slope_pct,price_vs_ema200_pct,consolidation_range_pct,bounce_off_low_pct,price_vs_poc_pct,last_10d_return_pct,last_20d_return_pct,last_5d_return_pct,days_since_pullback_low,higher_low_pct,range_contraction_ratio,down_up_volume_ratio,close_vs_ema20_pct,ema20_slope_5d_pct,knife_risk_tier,trend_ema50,trend_ema200,price_above_trend_ema50,price_above_trend_ema200,trend_ema200_slope_pct,trend_ema200_long_slope_pct,trend_state,swing_high,swing_low,retracement_pct,in_fib_zone,pullback_width_bars,setup_type,rsi14,rel_volume,resolved,outcome,outcome_price,outcome_date,bars_to_resolution,actual_return_pct
2026-09-17,CSCO,1,110.21,107.84,121.94,4.95,34.23,2.36,10.62,4.32,2.59,-1.7,0.68,-0.31,2.59,5,0.2,1.48,1.06,-0.33,-0.37,stabilising,111.94,99.63,False,True,2.36,45.41,uptrend,112.93,107.36,48.83,True,15.0,trend_continuation,47.7,0.82,True,stop_hit,107.84,2026-09-22,3.0,-2.15
2026-09-17,ENTG,2,134.49,129.12,161.33,5.0,29.28,1.31,4.1,12.56,4.55,-0.86,2.49,-6.8,-2.13,9,0.65,0.86,1.21,-1.76,-2.05,stabilising,139.64,129.2,False,True,1.31,49.99,uptrend,143.64,125.85,51.43,True,7.0,trend_continuation,46.9,0.84,False,,,,,
2026-09-17,FORM,3,111.33,103.6,149.98,5.0,70.86,0.94,8.89,17.58,16.69,-0.29,15.19,-3.09,-0.63,9,8.94,0.8,1.16,2.8,-0.72,stabilising,112.43,102.24,False,True,0.94,198.9,uptrend,139.34,92.39,59.66,True,22.0,trend_continuation,51.7,1.45,False,,,,,
2026-09-17,F,4,13.78,13.38,15.77,5.0,6.04,0.69,1.96,9.07,3.11,-1.71,-2.61,-4.97,-0.93,5,0.72,0.64,1.22,-0.9,-1.04,stabilising,14.01,13.52,False,True,0.69,15.16,uptrend,14.63,13.16,57.97,True,8.0,trend_continuation,47.4,0.59,True,stop_hit,13.38,2026-09-18,1.0,-2.9
2026-09-17,KMT,5,29.975,28.81,34.65,4.0,9.26,-1.87,-7.67,6.27,2.94,-2.46,1.75,-1.99,2.94,9,1.5,0.73,0.97,-0.22,-0.97,stabilising,31.47,32.47,False,False,-1.87,36.21,downtrend,31.01,28.76,46.0,True,8.0,reversion_bounce,46.7,0.43,False,,,,,
2026-09-17,COCO,6,56.24,51.37,80.58,5.0,26.79,-0.94,-6.62,18.83,10.04,-15.93,-2.5,-16.76,10.04,5,6.32,1.24,0.63,-2.24,-2.51,stabilising,62.19,60.23,False,False,-0.94,63.46,downtrend,68.23,50.86,69.03,False,20.0,reversion_bounce,41.4,0.9,False,,,,,
2026-09-17,ACHC,7,28.41,26.56,36.06,4.13,30.64,2.26,10.21,10.15,3.82,-9.49,2.45,4.03,-0.44,18,1.35,0.67,1.15,-0.39,-1.04,stabilising,28.91,25.78,False,True,2.26,9.06,uptrend,29.73,26.91,46.9,True,5.0,trend_continuation,48.1,0.17,False,,,,,
2026-09-17,PVH,8,74.6,71.7,89.1,5.0,7.74,-1.25,-4.38,10.29,8.84,2.02,3.19,-5.61,7.68,5,4.64,0.86,0.82,0.72,-1.38,stabilising,77.16,78.02,False,False,-1.25,2.88,downtrend,91.0,67.93,71.09,False,30.0,reversion_bounce,48.9,0.49,False,,,,,
2026-09-17,MRCY,9,87.23,85.86,94.09,5.0,21.31,-1.11,-3.49,11.43,8.48,-20.59,5.57,-13.69,8.48,3,2.61,1.08,0.67,-0.69,-2.05,stabilising,94.24,90.39,False,False,-1.11,64.77,downtrend,114.66,89.92,100.0,False,22.0,reversion_bounce,45.1,0.31,True,stop_hit,85.86,2026-09-18,1.0,-1.57
2026-09-17,SHO,10,11.055,10.94,11.65,5.0,13.45,1.39,5.74,4.3,1.75,-6.15,0.32,-1.03,0.64,6,0.7,0.98,1.15,-0.17,-0.33,stabilising,11.14,10.45,False,True,1.39,13.32,uptrend,11.44,10.78,57.58,True,16.0,trend_continuation,47.3,0.31,True,stop_hit,10.94,2026-09-18,1.0,-1.04
2026-09-17,YETI,11,42.19,39.64,52.83,4.17,9.08,-1.08,-2.88,6.64,7.11,4.77,1.83,-4.29,6.97,5,0.46,1.21,0.9,0.64,-1.82,stabilising,44.33,43.44,False,False,-1.08,28.47,downtrend,53.99,39.16,79.57,False,30.0,reversion_bounce,47.6,0.88,False,,,,,
2026-09-17,LUV,12,40.475,39.64,44.65,5.0,5.89,-1.39,-3.86,6.95,7.47,4.45,4.83,-2.28,4.64,11,1.56,1.37,0.93,0.85,-0.89,stabilising,42.2,42.1,False,False,-1.39,18.78,downtrend,49.73,37.59,76.19,False,30.0,reversion_bounce,48.2,1.34,False,,,,,
2026-09-17,DTM,13,126.385,123.42,136.86,3.53,11.98,-0.57,-4.32,5.28,1.12,-6.99,-1.84,-4.69,-2.54,16,0.2,0.82,1.58,-2.27,-1.46,stabilising,133.45,132.09,False,False,-0.57,28.27,downtrend,132.6,124.04,72.61,False,6.0,reversion_bounce,38.9,0.47,False,,,,,
2026-09-17,TNGX,14,23.88,22.85,29.05,5.0,113.89,2.86,13.65,12.48,7.09,-21.08,7.09,-5.28,2.09,10,6.37,0.82,0.99,-0.63,-0.43,stabilising,25.1,21.01,False,True,2.86,232.48,uptrend,25.48,21.65,41.78,True,6.0,trend_continuation,46.9,0.45,True,stop_hit,22.85,2026-09-18,1.0,-4.31
2026-09-17,DOW,15,29.685,29.32,30.87,3.27,12.6,-0.62,-4.69,8.08,2.75,-0.85,-5.13,-6.56,0.12,4,0.59,1.02,0.78,-1.15,-1.02,stabilising,30.58,31.14,False,False,-0.62,10.88,downtrend,31.66,29.73,100.0,False,9.0,reversion_bounce,46.4,0.59,True,stop_hit,29.32,2026-09-18,1.0,-1.23
2026-09-17,FLOC,16,20.63,20.02,23.68,5.0,11.59,-0.12,-2.93,10.69,4.75,-0.19,-5.28,-8.51,1.58,3,1.51,1.2,0.79,-1.91,-1.85,stabilising,21.4,21.25,False,False,-0.12,21.11,transitional,22.14,20.28,81.18,False,11.0,reversion_bounce,45.5,0.47,True,stop_hit,20.02,2026-09-21,2.0,-2.96
2026-09-17,INVA,17,21.095,20.45,23.17,3.22,5.48,-0.39,-1.62,3.48,2.3,0.55,-1.22,-1.82,2.3,4,0.68,1.02,0.76,0.18,-0.27,stabilising,21.31,21.44,False,False,-0.39,11.17,transitional,21.49,20.75,53.74,True,7.0,reversion_bounce,49.9,0.4,False,,,,,
2026-09-17,PEB,18,18.04,17.43,20.67,4.33,35.25,3.69,15.68,4.99,2.33,-1.04,-0.82,-1.85,-0.28,11,0.46,1.16,1.54,-0.26,-0.37,stabilising,18.07,15.59,False,True,3.69,42.44,uptrend,18.69,17.42,51.18,True,20.0,trend_continuation,48.5,0.52,False,,,,,
2026-09-23,PVH,1,75.875,74.93,79.54,3.89,8.63,-1.29,-2.36,9.67,10.7,3.77,6.54,-1.65,5.96,8,5.9,0.79,0.9,2.47,-0.26,stabilising,76.79,77.71,False,False,-1.29,5.21,downtrend,91.0,67.93,65.57,False,33.0,reversion_bounce,52.7,1.0,False,,,,,
2026-09-23,CECO,2,73.94,73.27,77.28,5.0,31.56,0.85,6.01,15.82,9.77,5.63,-6.48,3.7,9.77,4,2.82,0.89,0.97,1.85,-1.22,stabilising,74.38,69.75,False,True,0.85,96.8,uptrend,80.85,68.86,57.61,True,10.0,trend_continuation,51.5,1.69,False,,,,,
2026-09-23,SOLS,3,58.905,55.92,70.01,3.72,14.59,-1.9,-10.38,12.49,3.03,-5.05,-8.72,6.44,3.03,19,4.35,0.73,1.5,-1.26,-1.52,stabilising,62.34,65.73,False,False,-1.9,,downtrend,65.52,56.83,76.08,False,10.0,reversion_bounce,46.4,0.5,False,,,,,
2026-09-23,ADEA,4,25.84,25.59,27.08,5.0,46.31,0.86,4.41,10.87,5.97,-0.92,-4.98,-1.51,3.82,14,0.95,0.97,0.82,-0.1,-1.48,stabilising,26.75,24.75,False,True,0.86,72.3,uptrend,27.36,24.17,47.57,True,10.0,trend_continuation,48.2,0.86,False,,,,,
2026-09-23,PTRN,5,20.44,19.65,24.38,5.0,34.87,2.0,9.9,5.77,5.25,2.71,3.97,-4.93,5.25,5,1.86,1.17,0.75,0.53,-1.35,stabilising,21.14,18.6,False,True,2.0,18.46,uptrend,22.45,19.1,60.0,True,17.0,trend_continuation,48.2,0.8,False,,,,,
2026-09-23,TROW,6,104.17,101.43,117.62,4.91,5.73,0.35,-1.77,8.15,1.78,-8.03,-4.77,-7.23,-0.06,4,0.82,1.17,0.84,-2.78,-2.03,stabilising,109.45,106.05,False,False,0.35,3.2,transitional,113.96,109.8,100.0,False,21.0,reversion_bounce,34.3,1.74,False,,,,,
2026-09-23,RLJ,7,11.04,10.64,13.06,5.0,28.62,2.85,12.7,3.53,3.27,0.91,3.27,-4.25,0.55,9,1.46,1.02,1.04,0.08,-0.67,stabilising,11.12,9.8,False,True,2.85,28.59,uptrend,11.68,10.59,58.72,True,19.0,trend_continuation,48.2,0.81,False,,,,,
2026-09-23,KMT,8,29.65,28.43,34.1,3.64,8.78,-1.8,-8.32,6.34,1.82,0.14,-2.6,1.19,1.19,12,1.96,0.61,1.14,-0.94,-0.53,stabilising,31.26,32.34,False,False,-1.8,39.02,downtrend,31.01,28.76,60.44,True,11.0,reversion_bounce,44.6,0.67,False,,,,,
2026-09-23,ECG,9,115.65,108.64,149.5,4.83,34.75,-1.04,-4.75,9.24,5.84,-14.64,-3.59,-4.06,5.84,5,5.04,0.61,0.98,-1.48,-1.45,stabilising,124.69,121.42,False,False,-1.04,71.16,downtrend,122.18,108.82,48.88,True,9.0,reversion_bounce,45.1,0.44,False,,,,,
2026-09-23,CUZ,10,28.9,27.82,34.3,5.0,6.72,0.74,4.08,4.6,3.58,-8.98,1.72,-3.7,3.44,9,1.41,0.98,0.76,0.62,-0.45,stabilising,29.11,27.77,False,True,0.74,-2.81,uptrend,30.25,27.66,52.22,True,20.0,trend_continuation,50.0,1.44,False,,,,,
2026-09-23,MCHP,11,75.795,71.49,96.78,4.88,13.38,-1.4,-2.84,8.17,8.9,2.41,3.25,2.09,6.04,4,3.39,1.27,1.03,2.83,-0.49,stabilising,76.93,78.01,False,False,-1.4,10.36,downtrend,75.16,70.46,0.0,False,7.0,reversion_bounce,53.3,1.18,False,,,,,
2026-09-23,HIW,12,30.76,30.18,33.67,5.0,6.0,1.6,6.79,2.99,1.65,-0.06,0.82,-3.07,0.0,9,1.31,1.28,1.1,-0.47,-0.29,stabilising,30.89,28.8,False,True,1.6,-6.68,uptrend,31.98,29.87,57.82,True,20.0,trend_continuation,47.2,2.01,False,,,,,
2026-09-23,SON,13,50.71,50.04,54.07,5.0,9.62,-0.03,-1.77,13.52,5.98,-11.11,1.69,-11.84,5.03,7,1.91,0.93,1.06,-1.1,-2.42,stabilising,53.26,51.63,False,False,-0.03,12.87,transitional,59.58,47.62,74.16,False,21.0,reversion_bounce,42.8,1.21,False,,,,,
2026-09-23,NJR,14,52.77,52.52,54.03,5.0,10.33,-0.07,-1.62,2.43,0.0,-1.8,-2.28,-1.8,-0.85,5,0.03,1.28,1.02,-1.63,-0.6,stabilising,54.7,53.64,False,False,-0.07,15.99,transitional,54.18,52.73,96.91,False,10.0,reversion_bounce,36.8,0.99,False,,,,,
2026-09-23,FTV,15,55.945,54.71,62.14,5.0,8.25,-0.39,-3.08,5.47,2.65,-8.56,-0.96,-7.5,-0.88,8,0.42,0.87,1.18,-1.23,-1.51,stabilising,58.35,57.72,False,False,-0.39,15.05,transitional,60.77,54.16,72.98,False,18.0,reversion_bounce,42.5,0.71,False,,,,,
2026-09-23,ESTA,16,70.17,68.66,77.75,5.0,20.95,-0.1,-2.29,10.77,3.69,-24.97,-6.73,-2.64,-1.72,15,0.42,0.86,0.58,-2.67,-2.34,stabilising,75.96,71.82,False,False,-0.1,68.07,transitional,75.56,67.34,65.55,False,10.0,reversion_bounce,41.8,0.93,False,,,,,
2026-09-23,STOK,17,29.22,28.23,34.18,5.0,11.83,0.11,-2.11,10.16,4.66,-9.79,-2.63,-9.62,3.8,4,0.38,0.81,0.96,-1.52,-2.41,stabilising,30.43,29.85,False,False,0.11,112.57,transitional,33.84,29.88,100.0,False,19.0,reversion_bounce,45.3,0.54,False,,,,,
2026-09-23,SNDX,18,18.19,17.35,22.38,5.0,11.98,-0.51,-7.0,19.35,5.33,-8.32,-8.82,-7.05,0.5,4,0.7,1.13,0.86,-3.48,-3.47,stabilising,19.63,19.56,False,False,-0.51,78.28,downtrend,20.98,19.0,100.0,False,11.0,reversion_bounce,41.2,1.23,False,,,,,
2026-09-23,BANC,19,18.11,17.86,19.04,3.71,6.71,-0.29,-3.51,4.47,0.0,-2.48,-2.79,-3.0,-2.69,4,1.34,1.24,0.87,-2.5,-0.99,stabilising,19.01,18.77,False,False,-0.29,25.86,transitional,19.11,18.14,100.0,False,12.0,reversion_bounce,38.6,1.22,False,,,,,
2026-09-23,FNB,20,17.62,17.52,17.97,3.57,7.65,0.48,-1.15,6.04,0.0,-7.41,-3.87,-4.71,-3.56,4,0.4,1.26,1.16,-3.3,-1.28,stabilising,18.44,17.82,False,False,0.48,14.39,transitional,18.72,17.8,100.0,False,11.0,reversion_bounce,33.3,1.34,False,,,,,
