Date,equity
2021-01-27 05:00:00,97400.40513166778
2021-01-28 05:00:00,87002.02565833896
2021-01-29 05:00:00,86495.6110735989
2021-02-01 05:00:00,99189.73666441593
2021-02-02 05:00:00,99189.73666441593
2021-02-03 05:00:00,101924.37542201215
2021-02-04 05:00:00,103376.09723160026
2021-02-05 05:00:00,109588.11613774476
2021-02-08 05:00:00,110128.2916948008
2021-02-09 05:00:00,115833.89601620527
2021-02-10 05:00:00,115563.80823767724
2021-02-11 05:00:00,102329.50708980419
2021-02-12 05:00:00,112187.71100607696
2021-02-16 05:00:00,111411.2086428089
2021-02-17 05:00:00,100236.326806212
2021-02-18 05:00:00,104388.92640108035
2021-02-19 05:00:00,106752.19446320053
2021-02-22 05:00:00,110634.70627954084
2021-02-23 05:00:00,106212.01890614448
2021-02-24 05:00:00,117116.81296421336
2021-02-25 05:00:00,121539.50033760972
2021-02-26 05:00:00,116880.48615800135
2021-03-01 05:00:00,125422.01215395003
2021-03-02 05:00:00,115563.80823767724
2021-03-03 05:00:00,111411.2086428089
2021-03-04 05:00:00,100236.326806212
2021-03-05 05:00:00,105941.93112761647
2021-03-08 05:00:00,107528.6968264686
2021-03-09 05:00:00,112187.71100607696
2021-03-10 05:00:00,110634.70627954084
2021-03-11 05:00:00,120492.91019581363
2021-03-12 05:00:00,124139.09520594192
2021-03-15 04:00:00,127008.77785280216
2021-03-16 04:00:00,128291.69480081025
2021-03-17 04:00:00,124645.50979068197
2021-03-18 04:00:00,124645.50979068197
2021-03-19 04:00:00,122822.41728561782
2021-03-22 04:00:00,119446.32005401755
2021-03-23 04:00:00,104659.01417960836
2021-03-24 04:00:00,105705.60432140445
2021-03-25 04:00:00,110364.61850101282
2021-03-26 04:00:00,116340.3106009453
2021-03-29 04:00:00,122045.91492234977
2021-03-30 04:00:00,124780.55367994598
2021-03-31 04:00:00,132950.70898041863
2021-04-01 04:00:00,137643.484132343
2021-04-05 04:00:00,138690.07427413907
2021-04-06 04:00:00,131161.37744767047
2021-04-07 04:00:00,130114.7873058744
2021-04-08 04:00:00,139466.57663740715
2021-04-09 04:00:00,146455.09790681972
2021-04-12 04:00:00,142201.21539500335
2021-04-13 04:00:00,142201.21539500335
2021-04-14 04:00:00,149324.78055367994
2021-04-15 04:00:00,152700.8777852802
2021-04-16 04:00:00,161546.25253207292
2021-04-20 04:00:00,159959.4868332208
2021-04-21 04:00:00,157123.56515867656
2021-04-22 04:00:00,159318.02835921675
2021-04-23 04:00:00,163335.58406482107
2021-04-26 04:00:00,171775.82714382172
2021-04-27 04:00:00,171269.4125590817
2021-04-28 04:00:00,167386.9007427414
2021-04-29 04:00:00,163875.7596218771
2021-04-30 04:00:00,156718.43349088455
2021-05-03 04:00:00,161276.1647535449
2021-05-04 04:00:00,156076.9750168805
2021-05-05 04:00:00,153747.4679270763
2021-05-06 04:00:00,152194.46320054017
2021-05-07 04:00:00,157393.65293720458
2021-05-10 04:00:00,160499.66239027682
2021-05-11 04:00:00,163099.25725860905
2021-05-12 04:00:00,159182.98446995273
2021-05-13 04:00:00,161546.25253207292
2021-05-14 04:00:00,161546.25253207292
2021-05-17 04:00:00,171910.87103308574
2021-05-18 04:00:00,168298.44699527347
2021-05-19 04:00:00,158946.6576637407
2021-05-20 04:00:00,155030.3848750844
2021-05-21 04:00:00,162457.798784605
2021-05-24 04:00:00,168534.77380148548
2021-05-25 04:00:00,158406.48210668468
2021-05-26 04:00:00,165935.17893315328
2021-05-27 04:00:00,168804.8615800135
2021-05-28 04:00:00,163335.58406482107
2021-06-01 04:00:00,170357.86630654964
2021-06-02 04:00:00,168534.77380148548
2021-06-03 04:00:00,170087.77852802162
2021-06-04 04:00:00,175151.92437542198
2021-06-07 04:00:00,180216.0702228224
2021-06-08 04:00:00,185955.43551654287
2021-06-09 04:00:00,186461.8501012829
2021-06-10 04:00:00,179068.19716407833
2021-06-11 04:00:00,185415.2599594868
2021-06-14 04:00:00,169074.94935854152
2021-06-15 04:00:00,172451.04659014178
2021-06-16 04:00:00,169209.9932478055
2021-06-17 04:00:00,159453.07224848075
2021-06-18 04:00:00,149594.86833220796
2021-06-21 04:00:00,168399.7299122215
2021-06-22 04:00:00,157123.56515867656
2021-06-23 04:00:00,160871.03308575286
2021-06-24 04:00:00,161411.2086428089
2021-06-25 04:00:00,165293.72045914922
2021-06-28 04:00:00,156076.9750168805
2021-06-29 04:00:00,154253.88251181634
2021-06-30 04:00:00,156988.52126941257
2021-07-01 04:00:00,158676.5698852127
2021-07-02 04:00:00,154017.55570560432
2021-07-06 04:00:00,134537.47467927076
2021-07-07 04:00:00,137373.39635381498
2021-07-08 04:00:00,128696.82646860229
2021-07-09 04:00:00,139972.9912221472
2021-07-12 04:00:00,147265.36124240377
2021-07-13 04:00:00,154794.05806887237
2021-07-14 04:00:00,147265.36124240377
2021-07-15 04:00:00,144902.09318028358
2021-07-16 04:00:00,132950.70898041863
2021-07-19 04:00:00,124915.59756920999
2021-07-20 04:00:00,181802.83592167453
2021-07-21 04:00:00,195037.1370695476
2021-07-22 04:00:00,198919.6488858879
2021-07-23 04:00:00,213740.7157326131
2021-07-26 04:00:00,219446.32005401753
2021-07-27 04:00:00,213099.25725860905
2021-07-28 04:00:00,207494.93585415257
2021-07-29 04:00:00,217116.81296421337
2021-07-30 04:00:00,228528.02160702227
2021-08-02 04:00:00,227751.5192437542
2021-08-03 04:00:00,214787.30587440918
2021-08-04 04:00:00,203072.2484807562
2021-08-05 04:00:00,203612.42403781228
2021-08-06 04:00:00,223598.91964888587
2021-08-09 04:00:00,217353.13977042536
2021-08-10 04:00:00,230621.20189061444
2021-08-11 04:00:00,237103.30857528694
2021-08-12 04:00:00,234233.6259284267
2021-08-13 04:00:00,238656.31330182307
2021-08-16 04:00:00,225692.09993247804
2021-08-17 04:00:00,222552.32950708977
2021-08-18 04:00:00,222822.4172856178
2021-08-19 04:00:00,215800.13504388926
2021-08-20 04:00:00,218399.72991222146
2021-08-23 04:00:00,222822.4172856178
2021-08-24 04:00:00,229068.19716407833
2021-08-25 04:00:00,222417.28561782578
2021-08-26 04:00:00,212694.12559081698
2021-08-27 04:00:00,216576.6374071573
2021-08-30 04:00:00,210094.53072248478
2021-08-31 04:00:00,215293.7204591492
2021-09-01 04:00:00,211647.5354490209
2021-09-02 04:00:00,215023.63268062117
2021-09-03 04:00:00,216576.6374071573
2021-09-07 04:00:00,216576.6374071573
2021-09-08 04:00:00,211647.5354490209
2021-09-09 04:00:00,211647.5354490209
2021-09-10 04:00:00,209318.02835921673
2021-09-13 04:00:00,216846.72518568533
2021-09-14 04:00:00,228291.69480081025
2021-09-15 04:00:00,231397.7042538825
2021-09-16 04:00:00,234233.6259284267
2021-09-17 04:00:00,244632.00540175557
2021-09-20 04:00:00,235280.2160702228
2021-09-21 04:00:00,249831.19513841998
2021-09-22 04:00:00,245678.59554355164
2021-09-23 04:00:00,285685.3477380148
2021-09-24 04:00:00,272957.46117488184
2021-09-27 04:00:00,286461.8501012829
2021-09-28 04:00:00,271775.82714382175
2021-09-29 04:00:00,259959.48683322078
2021-09-30 04:00:00,265935.1789331533
2021-10-01 04:00:00,303342.33625928423
2021-10-04 04:00:00,332950.7089804186
2021-10-05 04:00:00,332140.44564483454
2021-10-06 04:00:00,303848.7508440243
2021-10-07 04:00:00,322012.15395003377
2021-10-08 04:00:00,323058.74409182987
2021-10-11 04:00:00,333187.03578663064
2021-10-12 04:00:00,329507.0898041863
2021-10-13 04:00:00,326806.21201890614
2021-10-14 04:00:00,322079.6758946657
2021-10-15 04:00:00,312626.60364618496
2021-10-18 04:00:00,306549.6286293045
2021-10-19 04:00:00,307562.45779878454
2021-10-20 04:00:00,308912.8966914247
2021-10-21 04:00:00,302498.3119513842
2021-10-22 04:00:00,300810.263335584
2021-10-26 04:00:00,301823.0925050641
2021-10-27 04:00:00,292032.41053342336
2021-10-28 04:00:00,294058.06887238356
2021-10-29 04:00:00,301823.0925050641
2021-11-01 04:00:00,325793.38284942607
2021-11-02 04:00:00,292538.82511816337
2021-11-03 04:00:00,304186.3605671843
2021-11-04 04:00:00,300810.263335584
2021-11-05 04:00:00,310263.3355840648
2021-11-08 05:00:00,310938.55503038486
2021-11-09 05:00:00,319041.1883862255
2021-11-10 05:00:00,306212.0189061445
2021-11-11 05:00:00,319041.1883862255
2021-11-12 05:00:00,318703.57866306545
2021-11-15 05:00:00,317690.7494935854
2021-11-16 05:00:00,345037.1370695476
2021-11-17 05:00:00,343011.4787305874
2021-11-18 05:00:00,343011.4787305874
2021-11-19 05:00:00,329169.4800810263
2021-11-22 05:00:00,342336.2592842674
2021-11-23 05:00:00,347062.79540850775
2021-11-24 05:00:00,349932.478055368
2021-11-26 05:00:00,340310.60094530723
2021-11-29 05:00:00,330857.5286968265
2021-11-30 05:00:00,304186.3605671843
2021-12-01 05:00:00,304523.9702903443
2021-12-02 05:00:00,312964.213369345
2021-12-03 05:00:00,302835.9216745442
2021-12-06 05:00:00,301823.0925050641
2021-12-07 05:00:00,318365.96893990546
2021-12-08 05:00:00,314652.26198514516
2021-12-09 05:00:00,308575.28696826467
2021-12-10 05:00:00,317353.1397704254
2021-12-13 05:00:00,297434.1661039838
2021-12-14 05:00:00,294058.06887238356
2021-12-15 05:00:00,300472.65361242404
2021-12-16 05:00:00,292707.6299797434
2021-12-17 05:00:00,292707.6299797434
2021-12-20 05:00:00,288318.703578663
2021-12-21 05:00:00,318703.57866306545
2021-12-22 05:00:00,334571.2356515867
2021-12-23 05:00:00,337947.332883187
2021-12-27 05:00:00,369007.42741390946
2021-12-28 05:00:00,369007.42741390946
2021-12-29 05:00:00,377447.67049291014
2021-12-30 05:00:00,375084.40243078995
2021-12-31 05:00:00,373227.54895340983
2022-01-03 05:00:00,377785.2802160702
2022-01-04 05:00:00,366981.7690749493
2022-01-05 05:00:00,348075.6245779878
2022-01-06 05:00:00,356515.8676569885
2022-01-07 05:00:00,347738.01485482784
2022-01-10 05:00:00,345712.35651586764
2022-01-11 05:00:00,362930.45239702903
2022-01-12 05:00:00,368332.20796758943
2022-01-13 05:00:00,366306.5496286293
2022-01-14 05:00:00,367319.37879810936
2022-01-18 05:00:00,367319.37879810936
2022-01-19 05:00:00,349088.4537474679
2022-01-20 05:00:00,333896.0162052667
2022-01-21 05:00:00,327143.8217420661
2022-01-24 05:00:00,330182.3092505064
2022-01-25 05:00:00,345374.74679270765
2022-01-26 05:00:00,331532.7481431465
2022-01-27 05:00:00,317353.1397704254
2022-01-28 05:00:00,319716.4078325456
2022-01-31 05:00:00,326637.4071573261
2022-02-01 05:00:00,356178.2579338285
2022-02-02 05:00:00,363268.062120189
2022-02-03 05:00:00,367319.37879810936
2022-02-04 05:00:00,368501.01282916946
2022-02-07 05:00:00,352126.9412559081
2022-02-08 05:00:00,371370.6954760297
2022-02-09 05:00:00,368332.20796758943
2022-02-10 05:00:00,378460.49966239027
2022-02-11 05:00:00,427413.90952059417
2022-02-14 05:00:00,409182.9844699527
2022-02-15 05:00:00,429439.5678595544
2022-02-16 05:00:00,414415.93517893314
2022-02-17 05:00:00,396691.42471303174
2022-02-18 05:00:00,407157.32613099256
2022-02-22 05:00:00,410195.8136394328
2022-02-23 05:00:00,432815.66509115463
2022-02-24 05:00:00,501688.0486158001
2022-02-25 05:00:00,536124.2403781229
2022-02-28 05:00:00,584740.0405131668
2022-03-01 05:00:00,612930.452397029
2022-03-02 05:00:00,610398.3794733287
2022-03-03 05:00:00,664753.5449020931
2022-03-04 05:00:00,593011.4787305874
2022-03-07 05:00:00,597062.7954085077
2022-03-09 05:00:00,627954.0850776503
2022-03-10 05:00:00,708980.4186360567
2022-03-11 05:00:00,720796.7589466576
2022-03-14 04:00:00,650236.3268062121
2022-03-15 04:00:00,619513.8419986495
2022-03-16 04:00:00,647535.4490209317
2022-03-17 04:00:00,700202.5658338959
2022-03-18 04:00:00,746117.4881836597
2022-03-21 04:00:00,789837.9473328831
2022-03-22 04:00:00,782579.3382849426
2022-03-23 04:00:00,807900.0675219445
2022-03-24 04:00:00,825793.382849426
2022-03-25 04:00:00,787305.8744091829
2022-03-28 04:00:00,776502.3632680621
2022-03-29 04:00:00,712018.9061444969
2022-03-30 04:00:00,714382.174206617
2022-03-31 04:00:00,737002.0256583389
2022-04-01 04:00:00,781228.8993923025
2022-04-04 04:00:00,772451.0465901417
2022-04-05 04:00:00,754557.7312626604
2022-04-06 04:00:00,764686.0229574611
2022-04-07 04:00:00,856515.8676569886
2022-04-08 04:00:00,861073.5989196488
2022-04-11 04:00:00,773801.4854827819
2022-04-12 04:00:00,805030.3848750843
2022-04-13 04:00:00,844193.1127616474
2022-04-14 04:00:00,864787.305874409
2022-04-18 04:00:00,889939.2302498311
2022-04-19 04:00:00,903612.4240378123
2022-04-20 04:00:00,897704.2538825118
2022-04-21 04:00:00,774983.1195138419
2022-04-22 04:00:00,755570.5604321404
2022-04-25 04:00:00,716745.4422687374
2022-04-26 04:00:00,727211.3436866981
2022-04-27 04:00:00,768399.7299122214
2022-04-28 04:00:00,767218.0958811614
2022-04-29 04:00:00,720459.1492234976
2022-05-02 04:00:00,723160.0270087778
2022-05-03 04:00:00,771438.2174206617
2022-05-04 04:00:00,693112.7616475355
2022-05-05 04:00:00,656650.9115462524
2022-05-06 04:00:00,632680.6212018905
2022-05-09 04:00:00,573936.5293720459
2022-05-10 04:00:00,595205.9419311276
2022-05-11 04:00:00,605334.2336259284
2022-05-12 04:00:00,601282.916948008
2022-05-13 04:00:00,655638.0823767724
2022-05-16 04:00:00,668467.2518568535
2022-05-17 04:00:00,738690.074274139
2022-05-18 04:00:00,695138.4199864955
2022-05-19 04:00:00,667116.8129642134
2022-05-20 04:00:00,641964.8885887914
2022-05-23 04:00:00,662052.6671168129
2022-05-24 04:00:00,653443.6191762323
2022-05-25 04:00:00,663403.106009453
2022-05-26 04:00:00,643146.5226198514
2022-05-27 04:00:00,660702.2282241728
2022-05-31 04:00:00,679270.7629979743
2022-06-01 04:00:00,687542.2012153949
2022-06-02 04:00:00,720459.1492234976
2022-06-03 04:00:00,706954.7602970966
2022-06-06 04:00:00,638588.791357191
2022-06-07 04:00:00,643821.7420661715
2022-06-08 04:00:00,624746.7927076299
2022-06-09 04:00:00,609554.3551654287
2022-06-10 04:00:00,594024.3079000674
2022-06-13 04:00:00,563133.018230925
2022-06-14 04:00:00,595205.9419311276
2022-06-15 04:00:00,572248.4807562457
2022-06-16 04:00:00,551316.677920324
2022-06-17 04:00:00,551823.0925050641
2022-06-21 04:00:00,524814.3146522619
2022-06-22 04:00:00,514179.6083727211
2022-06-23 04:00:00,445982.4442943957
2022-06-24 04:00:00,453072.24848075624
2022-06-27 04:00:00,475692.09993247804
2022-06-28 04:00:00,485313.9770425388
2022-06-29 04:00:00,467927.0762997974
2022-06-30 04:00:00,467589.46657663735
2022-07-01 04:00:00,429945.9824442943
2022-07-05 04:00:00,417792.0324105334
2022-07-06 04:00:00,406144.4969615124
2022-07-07 04:00:00,411715.0573936529
2022-07-08 04:00:00,439905.46927751513
2022-07-11 04:00:00,438892.64010803506
2022-07-12 04:00:00,431634.03106009454
2022-07-13 04:00:00,424881.836596894
2022-07-14 04:00:00,397029.0344361917
2022-07-15 04:00:00,421168.12964213366
2022-07-18 04:00:00,411377.4476704929
2022-07-19 04:00:00,425050.641458474
2022-07-20 04:00:00,424206.6171505739
2022-07-21 04:00:00,413234.30114787305
2022-07-22 04:00:00,395172.1809588116
2022-07-25 04:00:00,428764.3484132342
2022-07-26 04:00:00,410533.4233625928
2022-07-27 04:00:00,435516.5428764348
2022-07-28 04:00:00,450371.370695476
2022-07-29 04:00:00,465901.41796083725
2022-08-01 04:00:00,448176.90749493585
2022-08-02 04:00:00,484132.3430114787
2022-08-03 04:00:00,473666.44159351784
2022-08-04 04:00:00,468264.6860229574
2022-08-05 04:00:00,468939.9054692775
2022-08-08 04:00:00,511816.34031060094
2022-08-09 04:00:00,516880.48615800135
2022-08-10 04:00:00,463875.7596218771
2022-08-11 04:00:00,445307.2248480756
2022-08-12 04:00:00,460499.66239027685
2022-08-15 04:00:00,449696.151249156
2022-08-16 04:00:00,451553.0047265361
2022-08-17 04:00:00,453072.24848075624
2022-08-18 04:00:00,470459.1492234976
2022-08-19 04:00:00,451721.8095881161
2022-08-22 04:00:00,479068.1971640783
2022-08-23 04:00:00,503207.2923700202
2022-08-24 04:00:00,514854.82781904115
2022-08-25 04:00:00,560432.1404456449
2022-08-26 04:00:00,553004.7265361241
2022-08-29 04:00:00,532410.5334233625
2022-08-30 04:00:00,515361.2424037812
2022-08-31 04:00:00,532748.1431465226
2022-09-01 04:00:00,512153.9500337609
2022-09-02 04:00:00,549966.239027684
2022-09-06 04:00:00,541357.1910871033
2022-09-07 04:00:00,534773.8014854827
2022-09-08 04:00:00,530722.4848075624
2022-09-09 04:00:00,548953.409858204
2022-09-12 04:00:00,541188.3862255233
2022-09-13 04:00:00,574949.358541526
2022-09-14 04:00:00,584908.8453747467
2022-09-15 04:00:00,556212.0189061445
2022-09-16 04:00:00,520594.1931127616
2022-09-19 04:00:00,542201.2153950033
2022-09-20 04:00:00,529034.4361917623
2022-09-21 04:00:00,505232.9507089804
2022-09-22 04:00:00,483963.5381498987
2022-09-23 04:00:00,426907.4949358541
2022-09-26 04:00:00,435854.15259959485
2022-09-27 04:00:00,474341.6610398379
2022-09-28 04:00:00,529709.6556380823
2022-09-29 04:00:00,481093.85550303845
2022-09-30 04:00:00,481093.85550303845
2022-10-03 04:00:00,514517.2180958811
2022-10-04 04:00:00,532410.5334233625
2022-10-05 04:00:00,527008.7778528021
2022-10-06 04:00:00,528865.6313301822
2022-10-07 04:00:00,515023.6326806212
2022-10-10 04:00:00,537981.093855503
2022-10-11 04:00:00,528696.8264686023
2022-10-12 04:00:00,536124.2403781229
2022-10-13 04:00:00,558406.4821066846
2022-10-14 04:00:00,517049.2910195813
2022-10-17 04:00:00,549797.434166104
2022-10-18 04:00:00,550979.0681971641
2022-10-19 04:00:00,546252.5320729236
2022-10-20 04:00:00,549797.434166104
2022-10-21 04:00:00,571066.8467251856
2022-10-24 04:00:00,543889.2640108034
2022-10-25 04:00:00,553679.9459824442
2022-10-26 04:00:00,540850.7765023633
2022-10-27 04:00:00,556380.8237677244
2022-10-28 04:00:00,562795.408507765
2022-10-31 04:00:00,595543.5516542876
2022-11-01 04:00:00,597231.6002700878
2022-11-02 04:00:00,562288.993923025
2022-11-03 04:00:00,548953.409858204
2022-11-04 04:00:00,560094.5307224848
2022-11-07 05:00:00,482613.0992572586
2022-11-08 05:00:00,467251.85685347737
2022-11-09 05:00:00,452059.4193112762
2022-11-10 05:00:00,467251.85685347737
2022-11-11 05:00:00,455604.3214044564
2022-11-14 05:00:00,454253.88251181634
2022-11-15 05:00:00,454422.68737339636
2022-11-16 05:00:00,446995.27346387575
2022-11-17 05:00:00,440580.6887238352
2022-11-18 05:00:00,454760.2970965564
2022-11-21 05:00:00,453747.4679270763
2022-11-22 05:00:00,479237.0020256583
2022-11-23 05:00:00,484469.9527346387
2022-11-25 05:00:00,509790.68197164073
2022-11-28 05:00:00,491559.7569209993
2022-11-29 05:00:00,501012.8291694801
2022-11-30 05:00:00,520256.5833896016
2022-12-01 05:00:00,498311.95138419984
2022-12-02 05:00:00,501856.8534773801
2022-12-05 05:00:00,494091.8298446995
2022-12-06 05:00:00,495273.46387575957
2022-12-07 05:00:00,485482.78190411883
2022-12-08 05:00:00,487170.83051991893
2022-12-09 05:00:00,483794.7332883187
2022-12-12 05:00:00,485145.17218095873
2022-12-13 05:00:00,485989.19648885884
2022-12-14 05:00:00,481093.85550303845
2022-12-15 05:00:00,467758.27143821743
2022-12-16 05:00:00,459486.8332207967
2022-12-19 05:00:00,454760.2970965564
2022-12-20 05:00:00,477717.7582714382
2022-12-21 05:00:00,474510.46590141795
2022-12-22 05:00:00,462525.32072923693
2022-12-23 05:00:00,476873.73396353814
2022-12-27 05:00:00,461512.49155975686
2022-12-28 05:00:00,459993.2478055368
2022-12-29 05:00:00,462187.71100607695
2022-12-30 05:00:00,447839.2977717758
2023-01-03 05:00:00,431127.6164753545
2023-01-04 05:00:00,438386.225523295
2023-01-05 05:00:00,431127.6164753545
2023-01-06 05:00:00,425557.05604321405
2023-01-09 05:00:00,422518.5685347738
2023-01-10 05:00:00,416610.3983794733
2023-01-11 05:00:00,424713.03173531394
2023-01-12 05:00:00,429101.9581363943
2023-01-13 05:00:00,435854.15259959485
2023-01-17 05:00:00,420999.3247805537
2023-01-18 05:00:00,426569.8852126941
2023-01-19 05:00:00,416441.59351789334
2023-01-20 05:00:00,420492.91019581363
2023-01-23 05:00:00,416779.2032410533
2023-01-24 05:00:00,416779.2032410533
2023-01-25 05:00:00,414247.1303173531
2023-01-26 05:00:00,428933.1532748143
2023-01-27 05:00:00,428089.1289669142
2023-01-30 05:00:00,413571.91087103303
2023-01-31 05:00:00,428933.1532748143
2023-02-01 05:00:00,422518.5685347738
2023-02-02 05:00:00,424206.6171505739
2023-02-03 05:00:00,411039.8379473329
2023-02-06 05:00:00,400405.131667792
2023-02-07 05:00:00,410533.4233625928
2023-02-08 05:00:00,401924.3754220121
2023-02-09 05:00:00,399392.3024983119
2023-02-10 05:00:00,410871.03308575286
2023-02-13 05:00:00,411546.2525320729
2023-02-14 05:00:00,406819.7164078326
2023-02-15 05:00:00,408507.7650236326
2023-02-16 05:00:00,413065.496286293
2023-02-17 05:00:00,428426.73869007424
2023-02-21 05:00:00,429777.17758271436
2023-02-22 05:00:00,431296.4213369345
2023-02-23 05:00:00,452565.8338960162
2023-02-24 05:00:00,471809.5881161377
2023-02-27 05:00:00,456617.1505739365
2023-02-28 05:00:00,459655.63808237674
2023-03-01 05:00:00,466239.0276839973
2023-03-02 05:00:00,473835.24645509786
2023-03-03 05:00:00,490209.31802835915
2023-03-06 05:00:00,470290.3443619176
2023-03-07 05:00:00,447501.6880486158
2023-03-08 05:00:00,464382.1742066172
2023-03-09 05:00:00,432478.0553679946
2023-03-10 05:00:00,399729.91222147195
2023-03-13 04:00:00,386563.1330182309
2023-03-14 04:00:00,389770.42538825114
2023-03-15 04:00:00,350607.69750168803
2023-03-16 04:00:00,361580.0135043889
2023-03-17 04:00:00,345374.74679270765
2023-03-20 04:00:00,350270.087778528
2023-03-21 04:00:00,362086.4280891289
2023-03-22 04:00:00,352464.55097906815
2023-03-23 04:00:00,336596.89399054693
2023-03-24 04:00:00,337272.11343686696
2023-03-27 04:00:00,348582.03916272783
2023-03-28 04:00:00,349426.06347062794
2023-03-29 04:00:00,360229.5746117488
2023-03-30 04:00:00,350438.89264010807
2023-03-31 04:00:00,348075.6245779878
2023-04-03 04:00:00,351282.91694800806
2023-04-04 04:00:00,331026.33355840645
2023-04-05 04:00:00,329507.0898041863
2023-04-06 04:00:00,317015.53004726535
2023-04-10 04:00:00,330688.7238352464
2023-04-11 04:00:00,340310.60094530723
2023-04-12 04:00:00,337947.332883187
2023-04-13 04:00:00,321573.2613099257
2023-04-14 04:00:00,322754.8953409858
2023-04-17 04:00:00,319041.1883862255
2023-04-18 04:00:00,313977.04253882513
2023-04-19 04:00:00,328831.8703578663
2023-04-20 04:00:00,316002.7008777852
2023-04-21 04:00:00,306887.2383524645
2023-04-24 04:00:00,320729.23700202565
2023-04-25 04:00:00,304861.58001350437
2023-04-26 04:00:00,300641.458474004
2023-04-27 04:00:00,298109.38555030385
2023-04-28 04:00:00,301316.6779203241
2023-05-01 04:00:00,301823.0925050641
2023-05-02 04:00:00,297434.1661039838
2023-05-03 04:00:00,308237.6772451047
2023-05-04 04:00:00,282241.72856178257
2023-05-05 04:00:00,298278.1904118839
2023-05-08 04:00:00,323430.1147873059
2023-05-09 04:00:00,322923.7002025658
2023-05-10 04:00:00,322923.7002025658
2023-05-11 04:00:00,306718.43349088455
2023-05-12 04:00:00,302667.1168129642
2023-05-15 04:00:00,309756.92099932476
2023-05-16 04:00:00,300472.65361242404
2023-05-17 04:00:00,309588.11613774474
2023-05-18 04:00:00,319885.21269412554
2023-05-19 04:00:00,312120.18906144495
2023-05-22 04:00:00,315158.6765698852
2023-05-23 04:00:00,321404.4564483457
2023-05-24 04:00:00,318534.7738014855
2023-05-25 04:00:00,319716.4078325456
2023-05-26 04:00:00,320391.6272788656
2023-05-30 04:00:00,320729.23700202565
2023-05-31 04:00:00,313977.04253882513
2023-06-01 04:00:00,321404.4564483457
2023-06-02 04:00:00,329844.69952734635
2023-06-05 04:00:00,330351.1141120864
2023-06-06 04:00:00,343855.5030384875
2023-06-07 04:00:00,350945.307224848
2023-06-08 04:00:00,353983.7947332883
2023-06-09 04:00:00,345205.94193112757
2023-06-12 04:00:00,349088.4537474679
2023-06-13 04:00:00,342336.2592842674
2023-06-14 04:00:00,333389.60162052664
2023-06-15 04:00:00,345374.74679270765
2023-06-16 04:00:00,348582.03916272783
2023-06-20 04:00:00,334571.2356515867
2023-06-21 04:00:00,338791.3571910871
2023-06-22 04:00:00,332376.77245104656
2023-06-23 04:00:00,333896.0162052667
2023-06-26 04:00:00,327819.0411883862
2023-06-27 04:00:00,327819.0411883862
2023-06-28 04:00:00,329844.69952734635
2023-06-29 04:00:00,341154.6252532073
2023-06-30 04:00:00,332545.5773126266
2023-07-03 04:00:00,337272.11343686696
2023-07-05 04:00:00,333727.2113436867
2023-07-06 04:00:00,330688.7238352464
2023-07-07 04:00:00,350438.89264010807
2023-07-10 04:00:00,346218.7711006077
2023-07-11 04:00:00,345205.94193112757
2023-07-12 04:00:00,344868.3322079676
2023-07-13 04:00:00,347738.01485482784
2023-07-14 04:00:00,339466.5766374071
2023-07-17 04:00:00,338622.5523295071
2023-07-18 04:00:00,339804.18636056717
2023-07-19 04:00:00,354490.20931802836
2023-07-20 04:00:00,356684.6725185685
2023-07-21 04:00:00,364787.30587440915
2023-07-24 04:00:00,370189.0614449696
2023-07-25 04:00:00,369176.23227548954
2023-07-26 04:00:00,372889.9392302498
2023-07-27 04:00:00,382849.4260634706
2023-07-28 04:00:00,367488.1836596894
2023-07-31 04:00:00,376941.2559081701
2023-08-01 04:00:00,371877.1100607698
2023-08-02 04:00:00,367319.37879810936
2023-08-03 04:00:00,367825.79338284937
2023-08-04 04:00:00,375253.20729237003
2023-08-07 04:00:00,369007.42741390946
2023-08-08 04:00:00,361580.0135043889
2023-08-09 04:00:00,367656.9885212694
2023-08-10 04:00:00,358879.1357191087
2023-08-11 04:00:00,361411.2086428089
2023-08-14 04:00:00,353139.77042538824
2023-08-15 04:00:00,337947.332883187
2023-08-16 04:00:00,335584.0648210668
2023-08-17 04:00:00,337778.528021607
2023-08-18 04:00:00,340479.40580688725
2023-08-21 04:00:00,341829.8446995273
2023-08-22 04:00:00,336765.6988521269
2023-08-23 04:00:00,329507.0898041863
2023-08-24 04:00:00,330182.3092505064
2023-08-25 04:00:00,329507.0898041863
2023-08-28 04:00:00,331701.5530047265
2023-08-29 04:00:00,341154.6252532073
2023-08-30 04:00:00,345374.74679270765
2023-08-31 04:00:00,341829.8446995273
2023-09-01 04:00:00,356178.2579338285
2023-09-05 04:00:00,350438.89264010807
2023-09-06 04:00:00,342673.8690074274
2023-09-07 04:00:00,336090.47940580687
2023-09-08 04:00:00,355165.4287643484
2023-09-11 04:00:00,346387.57596218766
2023-09-12 04:00:00,357191.0871033085
2023-09-13 04:00:00,347569.20999324776
2023-09-14 04:00:00,363774.4767049291
2023-09-15 04:00:00,359216.74544226873
2023-09-18 04:00:00,338453.74746792705
2023-09-19 04:00:00,337947.332883187
2023-09-20 04:00:00,344024.3079000675
2023-09-21 04:00:00,340985.82039162726
2023-09-22 04:00:00,338116.13774476707
2023-09-25 04:00:00,345037.1370695476
2023-09-26 04:00:00,338284.94260634703
2023-09-27 04:00:00,338116.13774476707
2023-09-28 04:00:00,346049.9662390277
2023-09-29 04:00:00,344868.3322079676
2023-10-02 04:00:00,340141.79608372715
2023-10-03 04:00:00,331026.33355840645
2023-10-04 04:00:00,333558.4064821067
2023-10-05 04:00:00,334908.8453747468
2023-10-06 04:00:00,328156.65091154625
2023-10-09 04:00:00,343517.89331532747
2023-10-10 04:00:00,348582.03916272783
2023-10-11 04:00:00,351282.91694800806
2023-10-12 04:00:00,345374.74679270765
2023-10-13 04:00:00,325624.577987846
2023-10-16 04:00:00,329000.67521944625
2023-10-17 04:00:00,344193.1127616475
2023-10-18 04:00:00,328831.8703578663
2023-10-19 04:00:00,322586.0904794058
2023-10-20 04:00:00,311444.96961512486
2023-10-23 04:00:00,301991.8973666442
2023-10-24 04:00:00,302160.70222822414
2023-10-25 04:00:00,317353.1397704254
2023-10-26 04:00:00,317353.1397704254
2023-10-27 04:00:00,309925.7258609048
2023-10-30 04:00:00,308912.8966914247
2023-10-31 04:00:00,307731.2626603646
2023-11-01 04:00:00,309925.7258609048
2023-11-02 04:00:00,303511.14112086425
2023-11-03 04:00:00,308744.0918298447
2023-11-06 05:00:00,280553.67994598247
2023-11-07 05:00:00,265192.4375422012
2023-11-08 05:00:00,263504.38892640104
2023-11-09 05:00:00,276164.7535449021
2023-11-10 05:00:00,276839.9729912221
2023-11-13 05:00:00,280553.67994598247
2023-11-14 05:00:00,290175.55705604324
2023-11-15 05:00:00,296252.53207292367
2023-11-16 05:00:00,287137.06954760297
2023-11-17 05:00:00,285449.0209318028
2023-11-20 05:00:00,287305.874409183
2023-11-21 05:00:00,279203.2410533423
2023-11-22 05:00:00,281228.8993923025
2023-11-24 05:00:00,287137.06954760297
2023-11-27 05:00:00,283760.97231600265
2023-11-28 05:00:00,281397.7042538825
2023-11-29 05:00:00,292707.6299797434
2023-11-30 05:00:00,289837.9473328832
2023-12-01 05:00:00,305874.40918298444
2023-12-04 05:00:00,299628.6293045239
2023-12-05 05:00:00,295070.8980418636
2023-12-06 05:00:00,295408.5077650236
2023-12-07 05:00:00,305536.79945982445
2023-12-08 05:00:00,305367.99459824443
2023-12-11 05:00:00,301991.8973666442
2023-12-12 05:00:00,297771.7758271438
2023-12-13 05:00:00,317015.53004726535
2023-12-14 05:00:00,317353.1397704254
2023-12-15 05:00:00,310600.9453072248
2023-12-18 05:00:00,310263.3355840648
2023-12-19 05:00:00,316846.7251856853
2023-12-20 05:00:00,310094.5307224848
2023-12-21 05:00:00,316002.7008777852
2023-12-22 05:00:00,323767.72451046587
2023-12-26 05:00:00,330857.5286968265
2023-12-27 05:00:00,324780.55367994594
2023-12-28 05:00:00,318197.16407832544
2023-12-29 05:00:00,314652.26198514516
2024-01-02 05:00:00,315327.4814314652
2024-01-03 05:00:00,308744.0918298447
2024-01-04 05:00:00,304861.58001350437
2024-01-05 05:00:00,301316.6779203241
2024-01-08 05:00:00,305874.40918298444
2024-01-09 05:00:00,286630.6549628629
2024-01-10 05:00:00,281566.5091154625
2024-01-11 05:00:00,272957.46117488184
2024-01-12 05:00:00,267049.2910195814
2024-01-16 05:00:00,259790.68197164076
2024-01-17 05:00:00,256752.19446320055
2024-01-18 05:00:00,258946.65766374068
2024-01-19 05:00:00,256920.99932478054
2024-01-22 05:00:00,260972.31600270089
2024-01-23 05:00:00,272788.6563133018
2024-01-24 05:00:00,271607.0222822417
2024-01-25 05:00:00,271607.0222822417
2024-01-26 05:00:00,274983.119513842
2024-01-29 05:00:00,280722.48480756243
2024-01-30 05:00:00,280553.67994598247
2024-01-31 05:00:00,250844.02430790005
2024-02-01 05:00:00,261647.5354490209
2024-02-02 05:00:00,259453.07224848072
2024-02-05 05:00:00,254388.92640108033
2024-02-06 05:00:00,259453.07224848072
2024-02-07 05:00:00,258271.43821742065
2024-02-08 05:00:00,258271.43821742065
2024-02-09 05:00:00,261647.5354490209
2024-02-12 05:00:00,270762.9979743416
2024-02-13 05:00:00,261309.9257258609
2024-02-14 05:00:00,261309.9257258609
2024-02-15 05:00:00,272619.85145172174
2024-02-16 05:00:00,271438.21742066165
2024-02-20 05:00:00,259621.87711006077
2024-02-21 05:00:00,262322.75489534094
2024-02-22 05:00:00,258946.65766374068
2024-02-23 05:00:00,257765.0236326806
2024-02-26 05:00:00,248649.56110735988
2024-02-27 05:00:00,257258.60904794055
2024-02-28 05:00:00,251181.6340310601
2024-02-29 05:00:00,248480.75624577986
2024-03-01 05:00:00,246455.0979068197
2024-03-04 05:00:00,243416.61039837945
2024-03-05 05:00:00,241559.75692099932
2024-03-06 05:00:00,247130.31735313978
2024-03-07 05:00:00,254557.73126266035
2024-03-08 05:00:00,254220.12153950034
2024-03-11 04:00:00,252869.68264686022
2024-03-12 04:00:00,249662.39027683996
2024-03-13 04:00:00,249324.7805536799
2024-03-14 04:00:00,241559.75692099932
2024-03-15 04:00:00,253882.5118163403
2024-03-18 04:00:00,249831.19513841998
2024-03-19 04:00:00,261309.9257258609
2024-03-20 04:00:00,271269.4125590817
2024-03-21 04:00:00,271438.21742066165
2024-03-22 04:00:00,269243.7542201215
2024-03-25 04:00:00,275658.338960162
2024-03-26 04:00:00,269581.3639432816
2024-03-27 04:00:00,286968.26468602294
2024-03-28 04:00:00,295746.11748818366
2024-04-01 04:00:00,295070.8980418636
2024-04-02 04:00:00,294395.67859554355
2024-04-03 04:00:00,297771.7758271438
2024-04-04 04:00:00,286799.4598244429
2024-04-05 04:00:00,284773.8014854828
2024-04-08 04:00:00,287137.06954760297
2024-04-09 04:00:00,292707.6299797434
2024-04-10 04:00:00,285955.4355165429
2024-04-11 04:00:00,279540.85077650234
2024-04-12 04:00:00,275489.53409858205
2024-04-15 04:00:00,273463.87575962185
2024-04-16 04:00:00,270425.38825118163
2024-04-17 04:00:00,268737.3396353815
2024-04-18 04:00:00,269074.9493585415
2024-04-19 04:00:00,271607.0222822417
2024-04-22 04:00:00,271438.21742066165
2024-04-23 04:00:00,273801.4854827819
2024-04-24 04:00:00,272788.6563133018
2024-04-25 04:00:00,273632.6806212019
2024-04-26 04:00:00,277346.3875759622
2024-04-29 04:00:00,277683.99729912216
2024-04-30 04:00:00,313977.04253882513
2024-05-01 04:00:00,285786.63065496285
2024-05-02 04:00:00,287643.484132343
2024-05-03 04:00:00,287643.484132343
2024-05-06 04:00:00,292201.2153950033
2024-05-07 04:00:00,293045.23970290343
2024-05-08 04:00:00,289162.7278865631
2024-05-09 04:00:00,298278.1904118839
2024-05-10 04:00:00,296927.75151924376
2024-05-13 04:00:00,308237.6772451047
2024-05-14 04:00:00,307900.0675219446
2024-05-15 04:00:00,305199.18973666435
2024-05-16 04:00:00,311107.3598919649
2024-05-17 04:00:00,327819.0411883862
2024-05-20 04:00:00,332207.96758946654
2024-05-21 04:00:00,328156.65091154625
2024-05-22 04:00:00,336090.47940580687
2024-05-23 04:00:00,326975.01688048616
2024-05-24 04:00:00,327481.43146522617
2024-05-28 04:00:00,325793.38284942607
2024-05-29 04:00:00,326468.6022957461
2024-05-30 04:00:00,329844.69952734635
2024-05-31 04:00:00,331532.7481431465
2024-06-03 04:00:00,329507.0898041863
2024-06-04 04:00:00,315327.4814314652
2024-06-05 04:00:00,310263.3355840648
2024-06-06 04:00:00,311951.38419986493
2024-06-07 04:00:00,311613.77447670494
2024-06-10 04:00:00,313977.04253882513
2024-06-11 04:00:00,294226.8737339635
2024-06-12 04:00:00,289669.1424713032
2024-06-13 04:00:00,284773.8014854828
2024-06-14 04:00:00,275995.94868332206
2024-06-17 04:00:00,276502.36326806206
2024-06-18 04:00:00,273632.6806212019
2024-06-20 04:00:00,281904.1188386225
2024-06-21 04:00:00,271775.82714382175
2024-06-24 04:00:00,282748.1431465226
2024-06-25 04:00:00,274983.119513842
2024-06-26 04:00:00,280553.67994598247
2024-06-27 04:00:00,275151.924375422
2024-06-28 04:00:00,275489.53409858205
2024-07-01 04:00:00,268230.92505064147
2024-07-02 04:00:00,268062.12018906145
2024-07-03 04:00:00,273801.4854827819
2024-07-05 04:00:00,262153.9500337609
2024-07-08 04:00:00,261309.9257258609
2024-07-09 04:00:00,253207.29237002024
2024-07-10 04:00:00,255570.56043214045
2024-07-11 04:00:00,263335.5840648211
2024-07-12 04:00:00,264686.02295746113
2024-07-15 04:00:00,273463.87575962185
2024-07-16 04:00:00,289162.7278865631
2024-07-17 04:00:00,289669.1424713032
2024-07-18 04:00:00,283423.36259284266
2024-07-19 04:00:00,280216.0702228224
2024-07-22 04:00:00,280722.48480756243
2024-07-23 04:00:00,285786.63065496285
2024-07-24 04:00:00,283254.55773126264
2024-07-25 04:00:00,289669.1424713032
2024-07-26 04:00:00,291694.8008102633
2024-07-29 04:00:00,292032.41053342336
2024-07-30 04:00:00,300641.458474004
2024-07-31 04:00:00,309081.7015530047
2024-08-01 04:00:00,316002.7008777852
2024-08-02 04:00:00,289331.53274814313
2024-08-05 04:00:00,275827.14382174204
2024-08-06 04:00:00,268906.1444969615
2024-08-07 04:00:00,267893.3153274814
2024-08-08 04:00:00,277683.99729912216
2024-08-09 04:00:00,269412.55908170156
2024-08-12 04:00:00,267218.09588116134
2024-08-13 04:00:00,264517.21809588117
2024-08-14 04:00:00,258946.65766374068
2024-08-15 04:00:00,263673.19378798106
2024-08-16 04:00:00,263335.5840648211
2024-08-19 04:00:00,264010.8035111411
2024-08-20 04:00:00,261816.34031060094
2024-08-21 04:00:00,260297.0965563808
2024-08-22 04:00:00,257258.60904794055
2024-08-23 04:00:00,271100.60769750166
2024-08-26 04:00:00,272788.6563133018
2024-08-27 04:00:00,267049.2910195814
2024-08-28 04:00:00,261647.5354490209
2024-08-29 04:00:00,268737.3396353815
2024-08-30 04:00:00,267724.5104659014
2024-09-03 04:00:00,251688.04861580013
2024-09-04 04:00:00,253207.29237002024
2024-09-05 04:00:00,250168.80486158
2024-09-06 04:00:00,239702.90344361914
2024-09-09 04:00:00,242910.19581363944
2024-09-10 04:00:00,240884.53747467924
2024-09-11 04:00:00,238352.46455097903
2024-09-12 04:00:00,241390.9520594193
2024-09-13 04:00:00,250168.80486158
2024-09-16 04:00:00,253544.90209318025
2024-09-17 04:00:00,258777.8528021607
2024-09-18 04:00:00,255908.17015530047
2024-09-19 04:00:00,270762.9979743416
2024-09-20 04:00:00,259959.48683322078
2024-09-23 04:00:00,257596.2187711006
2024-09-24 04:00:00,266711.68129642133
2024-09-25 04:00:00,260634.7062795408
2024-09-26 04:00:00,268737.3396353815
2024-09-27 04:00:00,269412.55908170156
2024-09-30 04:00:00,271269.4125590817
2024-10-01 04:00:00,273801.4854827819
2024-10-02 04:00:00,279203.2410533423
2024-10-03 04:00:00,280216.0702228224
2024-10-04 04:00:00,285280.2160702228
2024-10-07 04:00:00,278865.6313301823
2024-10-08 04:00:00,276333.5584064821
2024-10-09 04:00:00,282241.72856178257
2024-10-10 04:00:00,323092.50506414584
2024-10-11 04:00:00,317184.33490884537
2024-10-14 04:00:00,315833.89601620525
2024-10-15 04:00:00,312964.213369345
2024-10-16 04:00:00,315665.09115462523
2024-10-17 04:00:00,318028.3592167454
2024-10-18 04:00:00,310600.9453072248
2024-10-21 04:00:00,307224.84807562456
2024-10-22 04:00:00,303848.7508440243
2024-10-23 04:00:00,295746.11748818366
2024-10-24 04:00:00,294902.09318028355
2024-10-25 04:00:00,292032.41053342336
2024-10-28 04:00:00,296758.9466576637
2024-10-29 04:00:00,284436.19176232273
2024-10-30 04:00:00,276502.36326806206
2024-10-31 04:00:00,277177.5827143822
2024-11-01 04:00:00,280891.28966914245
2024-11-04 05:00:00,284267.3869007427
2024-11-05 05:00:00,288656.3133018231
2024-11-06 05:00:00,301823.0925050641
2024-11-07 05:00:00,301485.4827819041
2024-11-08 05:00:00,294058.06887238356
2024-11-11 05:00:00,307562.45779878454
2024-11-12 05:00:00,295070.8980418636
2024-11-13 05:00:00,294395.67859554355
2024-11-14 05:00:00,285955.4355165429
2024-11-15 05:00:00,284267.3869007427
2024-11-18 05:00:00,286630.6549628629
2024-11-19 05:00:00,283929.7771775827
2024-11-20 05:00:00,287305.874409183
2024-11-21 05:00:00,297602.9709655638
2024-11-22 05:00:00,302160.70222822414
2024-11-25 05:00:00,301991.8973666442
2024-11-26 05:00:00,295408.5077650236
2024-11-27 05:00:00,292707.6299797434
2024-11-29 05:00:00,298784.6049966239
2024-12-02 05:00:00,307900.0675219446
2024-12-03 05:00:00,305536.79945982445
2024-12-04 05:00:00,303173.53139770427
2024-12-05 05:00:00,299966.239027684
2024-12-06 05:00:00,291525.9959486833
2024-12-09 05:00:00,300135.043889264
2024-12-10 05:00:00,299459.8244429439
2024-12-11 05:00:00,301485.4827819041
2024-12-12 05:00:00,299459.8244429439
2024-12-13 05:00:00,296758.9466576637
2024-12-16 05:00:00,292370.0202565834
2024-12-17 05:00:00,278528.02160702227
2024-12-18 05:00:00,266374.0715732613
2024-12-19 05:00:00,256920.99932478054
2024-12-20 05:00:00,258271.43821742065
2024-12-23 05:00:00,256583.3896016205
2024-12-24 05:00:00,260972.31600270089
2024-12-26 05:00:00,260972.31600270089
2024-12-27 05:00:00,256245.77987846048
2024-12-30 05:00:00,253544.90209318025
2024-12-31 05:00:00,255739.36529372045
2025-01-02 05:00:00,259959.48683322078
2025-01-03 05:00:00,259284.26738690073
2025-01-06 05:00:00,260972.31600270089
2025-01-07 05:00:00,258440.24307900068
2025-01-08 05:00:00,248818.3659689399
2025-01-10 05:00:00,251012.82916948004
2025-01-13 05:00:00,307224.84807562456
2025-01-14 05:00:00,309588.11613774474
2025-01-15 05:00:00,308912.8966914247
2025-01-16 05:00:00,308575.28696826467
2025-01-17 05:00:00,306380.82376772445
2025-01-21 05:00:00,314652.26198514516
2025-01-22 05:00:00,311276.1647535449
2025-01-23 05:00:00,308744.0918298447
2025-01-24 05:00:00,294902.09318028355
2025-01-27 05:00:00,282579.33828494255
2025-01-28 05:00:00,277852.80216070224
2025-01-29 05:00:00,290513.1667792032
2025-01-30 05:00:00,287474.679270763
2025-01-31 05:00:00,284942.60634706274
2025-02-03 05:00:00,277515.1924375422
2025-02-04 05:00:00,287305.874409183
2025-02-05 05:00:00,283592.1674544227
2025-02-06 05:00:00,274476.704929102
2025-02-07 05:00:00,274476.704929102
2025-02-10 05:00:00,285786.63065496285
2025-02-11 05:00:00,287137.06954760297
2025-02-12 05:00:00,275827.14382174204
2025-02-13 05:00:00,263673.19378798106
2025-02-14 05:00:00,269750.16880486155
2025-02-18 05:00:00,268737.3396353815
2025-02-19 05:00:00,267724.5104659014
2025-02-20 05:00:00,265867.6569885213
2025-02-21 05:00:00,256245.77987846048
2025-02-24 05:00:00,260465.90141796082
2025-02-25 05:00:00,265192.4375422012
2025-02-26 05:00:00,259959.48683322078
2025-02-27 05:00:00,249155.97569209992
2025-02-28 05:00:00,247299.12221471977
2025-03-03 05:00:00,233625.92842673868
2025-03-04 05:00:00,226367.3193787981
2025-03-05 05:00:00,233963.5381498987
2025-03-06 05:00:00,239196.4888588791
2025-03-07 05:00:00,237846.04996623902
2025-03-10 04:00:00,233625.92842673868
2025-03-11 04:00:00,238521.26941255908
2025-03-12 04:00:00,239702.90344361914
2025-03-13 04:00:00,234301.14787305874
2025-03-14 04:00:00,240209.3180283592
2025-03-17 04:00:00,243416.61039837945
2025-03-18 04:00:00,244091.82984469953
2025-03-19 04:00:00,247636.73193787978
2025-03-20 04:00:00,244091.82984469953
2025-03-21 04:00:00,234976.36731937877
2025-03-24 04:00:00,232781.9041188386
2025-03-25 04:00:00,228561.78257933827
2025-03-26 04:00:00,230587.44091829844
2025-03-27 04:00:00,236326.80621201888
2025-03-28 04:00:00,222484.80756245778
2025-03-31 04:00:00,222653.6124240378
2025-04-01 04:00:00,220459.14922349763
2025-04-02 04:00:00,221471.9783929777
2025-04-03 04:00:00,204929.1019581364
2025-04-04 04:00:00,184334.90884537474
2025-04-07 04:00:00,177751.51924375418
2025-04-08 04:00:00,169311.27616475354
2025-04-09 04:00:00,183153.27481431465
2025-04-10 04:00:00,170999.3247805537
2025-04-11 04:00:00,178764.3484132343
2025-04-14 04:00:00,180621.20189061444
2025-04-15 04:00:00,176907.49493585413
2025-04-16 04:00:00,171336.9345037137
2025-04-17 04:00:00,173531.39770425388
2025-04-21 04:00:00,168804.8615800135
2025-04-22 04:00:00,171168.1296421337
2025-04-23 04:00:00,175725.86090479404
2025-04-24 04:00:00,180283.5921674544
2025-04-25 04:00:00,190749.49358541527
2025-04-28 04:00:00,199189.73666441595
2025-04-29 04:00:00,205604.32140445642
2025-04-30 04:00:00,215395.00337609721
2025-05-01 04:00:00,209149.22349763673
2025-05-02 04:00:00,222991.22214719784
2025-05-05 04:00:00,215057.3936529372
2025-05-06 04:00:00,218433.49088453746
2025-05-07 04:00:00,224004.0513166779
2025-05-08 04:00:00,228899.3923024983
2025-05-09 04:00:00,232781.9041188386
2025-05-12 04:00:00,245779.87846049966
2025-05-13 04:00:00,252194.46320054017
2025-05-14 04:00:00,245779.87846049966
2025-05-15 04:00:00,241728.56178257932
2025-05-16 04:00:00,242741.39095205942
2025-05-19 04:00:00,242066.17150573936
2025-05-20 04:00:00,244598.24442943957
2025-05-21 04:00:00,241390.9520594193
2025-05-22 04:00:00,247974.34166103983
2025-05-23 04:00:00,247130.31735313978
2025-05-27 04:00:00,256583.3896016205
2025-05-28 04:00:00,252194.46320054017
2025-05-29 04:00:00,256245.77987846048
2025-05-30 04:00:00,255570.56043214045
2025-06-02 04:00:00,257596.2187711006
2025-06-03 04:00:00,263841.9986495611
2025-06-04 04:00:00,266205.26671168127
2025-06-05 04:00:00,261816.34031060094
2025-06-06 04:00:00,259453.07224848072
2025-06-09 04:00:00,263166.77920324105
2025-06-10 04:00:00,262997.974341661
2025-06-11 04:00:00,275995.94868332206
2025-06-12 04:00:00,267893.3153274814
2025-06-13 04:00:00,278190.4118838622
2025-06-16 04:00:00,283760.97231600265
2025-06-17 04:00:00,287305.874409183
2025-06-18 04:00:00,292032.41053342336
2025-06-20 04:00:00,285617.8257933829
2025-06-23 04:00:00,278528.02160702227
2025-06-24 04:00:00,261985.14517218093
2025-06-25 04:00:00,257933.8284942606
2025-06-26 04:00:00,256920.99932478054
2025-06-27 04:00:00,265867.6569885213
2025-06-30 04:00:00,263166.77920324105
2025-07-01 04:00:00,265361.2424037812
2025-07-02 04:00:00,277008.77785280213
2025-07-03 04:00:00,276839.9729912221
2025-07-07 04:00:00,273970.2903443619
2025-07-08 04:00:00,278528.02160702227
2025-07-09 04:00:00,282916.94800810266
2025-07-10 04:00:00,283592.1674544227
2025-07-11 04:00:00,287643.484132343
2025-07-14 04:00:00,292032.41053342336
2025-07-15 04:00:00,290344.3619176232
2025-07-16 04:00:00,281735.31397704256
2025-07-17 04:00:00,286630.6549628629
2025-07-18 04:00:00,285449.0209318028
2025-07-21 04:00:00,288149.89871708304
2025-07-22 04:00:00,290175.55705604324
2025-07-23 04:00:00,290344.3619176232
2025-07-24 04:00:00,286799.4598244429
2025-07-25 04:00:00,287981.093855503
2025-07-28 04:00:00,292032.41053342336
2025-07-29 04:00:00,293551.6542876435
2025-07-30 04:00:00,255064.1458474004
2025-07-31 04:00:00,260972.31600270089
2025-08-01 04:00:00,253882.5118163403
2025-08-04 04:00:00,262660.364618501
2025-08-05 04:00:00,269074.9493585415
2025-08-06 04:00:00,258271.43821742065
2025-08-07 04:00:00,249493.58541525993
2025-08-08 04:00:00,242234.97636731935
2025-08-11 04:00:00,247467.9270762998
2025-08-12 04:00:00,255401.75557056043
2025-08-13 04:00:00,260634.7062795408
2025-08-14 04:00:00,259959.48683322078
2025-08-15 04:00:00,257765.0236326806
2025-08-18 04:00:00,264517.21809588117
2025-08-19 04:00:00,259284.26738690073
2025-08-20 04:00:00,262660.364618501
2025-08-21 04:00:00,263335.5840648211
2025-08-22 04:00:00,276333.5584064821
2025-08-25 04:00:00,281735.31397704256
2025-08-26 04:00:00,277177.5827143822
2025-08-27 04:00:00,279540.85077650234
2025-08-28 04:00:00,284267.3869007427
2025-08-29 04:00:00,281060.0945307224
2025-09-02 04:00:00,284773.8014854828
2025-09-03 04:00:00,278865.6313301823
2025-09-04 04:00:00,276839.9729912221
2025-09-05 04:00:00,282072.92370020255
2025-09-08 04:00:00,277852.80216070224
2025-09-09 04:00:00,263504.38892640104
2025-09-10 04:00:00,274476.704929102
2025-09-11 04:00:00,273463.87575962185
2025-09-12 04:00:00,270594.19311276166
2025-09-15 04:00:00,281397.7042538825
2025-09-16 04:00:00,268906.1444969615
2025-09-17 04:00:00,274814.31465226196
2025-09-18 04:00:00,283085.7528696826
2025-09-19 04:00:00,277852.80216070224
2025-09-22 04:00:00,273801.4854827819
2025-09-23 04:00:00,269412.55908170156
2025-09-24 04:00:00,276164.7535449021
2025-09-25 04:00:00,272282.24172856176
2025-09-26 04:00:00,275489.53409858205
2025-09-29 04:00:00,272451.0465901418
2025-09-30 04:00:00,266542.8764348413
2025-10-01 04:00:00,262322.75489534094
2025-10-02 04:00:00,269750.16880486155
2025-10-03 04:00:00,303511.14112086425
2025-10-06 04:00:00,305536.79945982445
2025-10-07 04:00:00,307224.84807562456
2025-10-08 04:00:00,298109.38555030385
2025-10-09 04:00:00,300979.06819716404
2025-10-10 04:00:00,285280.2160702228
2025-10-13 04:00:00,297771.7758271438
2025-10-14 04:00:00,291694.8008102633
2025-10-15 04:00:00,294564.4834571235
2025-10-16 04:00:00,283254.55773126264
2025-10-17 04:00:00,279540.85077650234
2025-10-20 04:00:00,287137.06954760297
2025-10-21 04:00:00,285617.8257933829
2025-10-22 04:00:00,294564.4834571235
2025-10-23 04:00:00,316002.7008777852
2025-10-24 04:00:00,322417.2856178258
2025-10-27 04:00:00,315665.09115462523
2025-10-28 04:00:00,310600.9453072248
2025-10-29 04:00:00,310938.55503038486
2025-10-30 04:00:00,279709.65563808236
2025-10-31 04:00:00,283929.7771775827
2025-11-03 05:00:00,284773.8014854828
2025-11-04 05:00:00,275995.94868332206
2025-11-05 05:00:00,283085.7528696826
2025-11-06 05:00:00,282748.1431465226
2025-11-07 05:00:00,288825.11816340307
2025-11-10 05:00:00,312288.993923025
2025-11-11 05:00:00,331363.9432815665
2025-11-12 05:00:00,335077.6502363268
2025-11-13 05:00:00,325286.968264686
2025-11-14 05:00:00,327481.43146522617
2025-11-17 05:00:00,312795.40850776504
2025-11-18 05:00:00,312457.798784605
2025-11-19 05:00:00,296421.3369345037
2025-11-20 05:00:00,285280.2160702228
2025-11-21 05:00:00,294395.67859554355
2025-11-24 05:00:00,294226.8737339635
2025-11-25 05:00:00,302329.50708980416
2025-11-26 05:00:00,298953.4098582039
2025-11-28 05:00:00,301823.0925050641
2025-12-01 05:00:00,309925.7258609048
2025-12-02 05:00:00,320222.8224172856
2025-12-03 05:00:00,324274.13909520593
2025-12-04 05:00:00,307562.45779878454
2025-12-05 05:00:00,297940.58068872377
2025-12-08 05:00:00,294058.06887238356
2025-12-09 05:00:00,295914.9223497637
2025-12-10 05:00:00,295746.11748818366
2025-12-11 05:00:00,303679.9459824443
2025-12-12 05:00:00,300810.263335584
2025-12-15 05:00:00,299966.239027684
2025-12-16 05:00:00,295746.11748818366
2025-12-17 05:00:00,294226.8737339635
2025-12-18 05:00:00,296758.9466576637
2025-12-19 05:00:00,293045.23970290343
2025-12-22 05:00:00,287981.093855503
2025-12-23 05:00:00,287643.484132343
2025-12-24 05:00:00,285955.4355165429
2025-12-26 05:00:00,286968.26468602294
2025-12-29 05:00:00,285111.4112086428
2025-12-30 05:00:00,280891.28966914245
2025-12-31 05:00:00,287474.679270763
2026-01-02 05:00:00,289669.1424713032
2026-01-05 05:00:00,291525.9959486833
2026-01-06 05:00:00,300979.06819716404
2026-01-07 05:00:00,299291.01958136394
2026-01-08 05:00:00,312964.213369345
2026-01-09 05:00:00,313639.43281566503
2026-01-12 05:00:00,320222.8224172856
2026-01-13 05:00:00,325793.38284942607
2026-01-14 05:00:00,334402.4307900067
2026-01-15 05:00:00,335584.0648210668
2026-01-16 05:00:00,323936.52937204594
2026-01-20 05:00:00,313639.43281566503
2026-01-21 05:00:00,336259.2842673869
2026-01-22 05:00:00,329169.4800810263
2026-01-23 05:00:00,333389.60162052664
2026-01-26 05:00:00,325962.18771100603
2026-01-27 05:00:00,322079.6758946657
2026-01-28 05:00:00,318703.57866306545
2026-01-29 05:00:00,323092.50506414584
2026-01-30 05:00:00,313301.82309250504
2026-02-02 05:00:00,308575.28696826467
2026-02-03 05:00:00,318028.3592167454
2026-02-04 05:00:00,332207.96758946654
2026-02-05 05:00:00,315158.6765698852
2026-02-06 05:00:00,326468.6022957461
2026-02-09 05:00:00,335752.8696826468
2026-02-10 05:00:00,337103.30857528694
2026-02-11 05:00:00,348750.8440243079
2026-02-12 05:00:00,330519.9189736664
2026-02-13 05:00:00,332883.18703578657
2026-02-17 05:00:00,327481.43146522617
2026-02-18 05:00:00,329169.4800810263
2026-02-19 05:00:00,337440.9182984469
2026-02-20 05:00:00,339804.18636056717
2026-02-23 05:00:00,339804.18636056717
2026-02-24 05:00:00,339635.38149898715
2026-02-25 05:00:00,339804.18636056717
2026-02-26 05:00:00,389264.0108035111
2026-02-27 05:00:00,392471.30317353137
2026-03-02 05:00:00,403106.0094530722
2026-03-03 05:00:00,403443.6191762322
2026-03-04 05:00:00,428089.1289669142
2026-03-05 05:00:00,470290.3443619176
2026-03-06 05:00:00,455097.9068197164
2026-03-09 04:00:00,439567.85955435515
2026-03-10 04:00:00,430114.7873058744
2026-03-11 04:00:00,455773.1262660364
2026-03-12 04:00:00,520425.3882511816
2026-03-13 04:00:00,504051.3166779203
2026-03-16 04:00:00,499324.7805536799
2026-03-17 04:00:00,498649.5611073598
2026-03-18 04:00:00,506414.5847400405
2026-03-19 04:00:00,493923.0249831195
2026-03-20 04:00:00,494260.63470627955
2026-03-23 04:00:00,487508.440243079
2026-03-24 04:00:00,520256.5833896016
2026-03-25 04:00:00,533760.9723160027
2026-03-26 04:00:00,569547.6029709656
2026-03-27 04:00:00,549797.434166104
2026-03-30 04:00:00,532241.7285617825
2026-03-31 04:00:00,503038.4875084402
2026-04-01 04:00:00,503713.70695476024
2026-04-02 04:00:00,503376.09723160026
2026-04-06 04:00:00,506076.9750168805
2026-04-07 04:00:00,487339.63538149896
2026-04-08 04:00:00,498311.95138419984
2026-04-09 04:00:00,455604.3214044564
2026-04-10 04:00:00,472991.2221471978
2026-04-13 04:00:00,482106.6846725185
2026-04-14 04:00:00,467083.05199189734
2026-04-15 04:00:00,477717.7582714382
2026-04-16 04:00:00,505739.36529372045
2026-04-17 04:00:00,460162.0526671168
2026-04-20 04:00:00,476029.709655638
2026-04-21 04:00:00,492234.97636731935
2026-04-22 04:00:00,487170.83051991893
2026-04-23 04:00:00,491728.5617825793
2026-04-24 04:00:00,485482.78190411883
2026-04-27 04:00:00,491559.7569209993
2026-04-28 04:00:00,501688.0486158001
2026-04-29 04:00:00,512829.16948008095
2026-04-30 04:00:00,502363.2680621202
2026-05-01 04:00:00,499831.1951384199
2026-05-04 04:00:00,485313.9770425388
2026-05-05 04:00:00,516711.6812964213
2026-05-06 04:00:00,475692.09993247804
2026-05-07 04:00:00,457967.5894665766
2026-05-08 04:00:00,469952.73463875754
2026-05-11 04:00:00,502869.6826468602
2026-05-12 04:00:00,521269.4125590816
2026-05-13 04:00:00,497130.31735313975
2026-05-14 04:00:00,487677.245104659
2026-05-15 04:00:00,489365.2937204591
2026-05-18 04:00:00,468433.49088453746
2026-05-19 04:00:00,462862.93045239703
2026-05-20 04:00:00,451046.59014179604
2026-05-21 04:00:00,438048.615800135
2026-05-22 04:00:00,440074.27413909516
2026-05-26 04:00:00,450708.980418636
2026-05-27 04:00:00,434166.1039837947
2026-05-28 04:00:00,438048.615800135
2026-05-29 04:00:00,423193.78798109386
2026-06-01 04:00:00,440243.0790006752
2026-06-02 04:00:00,440918.29844699526
2026-06-03 04:00:00,432646.86022957455
2026-06-04 04:00:00,437204.5914922349
2026-06-05 04:00:00,423024.9831195138
2026-06-08 04:00:00,411546.2525320729
2026-06-09 04:00:00,403612.4240378123
2026-06-10 04:00:00,400742.741390952
2026-06-11 04:00:00,394834.57123565156
2026-06-12 04:00:00,412559.081701553
2026-06-15 04:00:00,400742.741390952
2026-06-16 04:00:00,396016.20526671165
2026-06-17 04:00:00,395003.3760972316
2026-06-18 04:00:00,384537.47467927076
2026-06-22 04:00:00,374746.79270762997
2026-06-23 04:00:00,373058.74409182987
2026-06-24 04:00:00,361242.4037812289
2026-06-25 04:00:00,360904.79405806883
2026-06-26 04:00:00,365631.3301823092
2026-06-29 04:00:00,362424.03781228897
2026-06-30 04:00:00,363943.28156650905
2026-07-01 04:00:00,359216.74544226873
2026-07-02 04:00:00,359216.74544226873
2026-07-06 04:00:00,363774.4767049291
2026-07-07 04:00:00,370864.28089128964
2026-07-08 04:00:00,377785.2802160702
2026-07-09 04:00:00,364280.8912896691
2026-07-10 04:00:00,367994.59824442945
2026-07-13 04:00:00,380823.7677245104
2026-07-14 04:00:00,377616.4753544902
2026-07-15 04:00:00,370864.28089128964
2026-07-16 04:00:00,373396.35381498985
2026-07-17 04:00:00,384537.47467927076
2026-07-20 04:00:00,383524.64550979063
2026-07-21 04:00:00,389939.2302498312
2026-07-22 04:00:00,399729.91222147195
2026-07-23 04:00:00,412390.27683997294
2026-07-24 04:00:00,413571.91087103303
2026-07-27 04:00:00,387238.352464551
2026-07-28 04:00:00,386056.7184334909
2026-07-29 04:00:00,386900.74274139095
2026-07-30 04:00:00,373396.35381498985
2026-07-31 04:00:00,367319.37879810936
2026-08-03 04:00:00,331026.33355840645
2026-08-04 04:00:00,331195.13841998647
2026-08-05 04:00:00,326299.7974341661
2026-08-06 04:00:00,327481.43146522617
2026-08-07 04:00:00,324949.35854152596
2026-08-10 04:00:00,340310.60094530723
2026-08-11 04:00:00,337272.11343686696
2026-08-12 04:00:00,333051.99189736665
2026-08-13 04:00:00,333896.0162052667
2026-08-14 04:00:00,346218.7711006077
2026-08-17 04:00:00,353814.98987170827
2026-08-18 04:00:00,345374.74679270765
2026-08-19 04:00:00,351620.5266711681
2026-08-20 04:00:00,360567.1843349088
2026-08-21 04:00:00,375084.40243078995
2026-08-24 04:00:00,362086.4280891289
2026-08-25 04:00:00,351789.3315327481
