symbol,side,date,price,shares
CTVA,buy,2021-06-25 04:00:00,44.6723,4985
CTVA,sell,2021-06-28 04:00:00,43.8481,4985
CTVA,buy,2021-06-30 04:00:00,44.3572,7873
CTVA,sell,2021-07-06 04:00:00,43.8481,7873
CTVA,buy,2021-07-22 04:00:00,42.1911,2309
CTVA,sell,2021-09-02 04:00:00,44.8975,2309
CTVA,buy,2021-09-07 04:00:00,44.5823,5510
CTVA,sell,2021-09-08 04:00:00,43.8481,5510
CTVA,buy,2021-09-10 04:00:00,44.072,1861
CTVA,sell,2021-09-17 04:00:00,42.029,1861
CTVA,buy,2021-09-28 04:00:00,43.5918,2342
CTVA,sell,2021-10-06 04:00:00,42.029,2342
CTVA,buy,2021-10-11 04:00:00,43.0065,2446
CTVA,sell,2021-10-13 04:00:00,41.5692,2446
CTVA,buy,2021-10-15 04:00:00,43.6318,1628
CTVA,sell,2021-11-30 05:00:00,44.9975,1628
CTVA,buy,2021-12-03 05:00:00,46.5032,2934
CTVA,sell,2021-12-15 05:00:00,45.3173,2934
CTVA,buy,2021-12-17 05:00:00,46.8134,2222
CTVA,sell,2021-12-20 05:00:00,45.3173,2222
CTVA,buy,2021-12-27 05:00:00,46.5733,2546
CTVA,sell,2022-01-21 05:00:00,45.3173,2546
CTVA,buy,2022-01-26 05:00:00,46.2331,3373
CTVA,sell,2022-02-04 05:00:00,49.6252,3373
CTVA,buy,2022-07-05 04:00:00,52.6563,5454
CTVA,sell,2022-07-06 04:00:00,51.994,5454
CTVA,buy,2022-07-08 04:00:00,53.0665,3178
CTVA,sell,2022-07-13 04:00:00,51.994,3178
CTVA,buy,2022-07-20 04:00:00,53.4017,2308
CTVA,sell,2022-08-16 04:00:00,62.1389,2308
CTVA,buy,2022-10-04 04:00:00,60.01,888
CTVA,sell,2022-11-15 05:00:00,66.7366,888
CTVA,buy,2023-01-09 05:00:00,61.2806,2581
CTVA,sell,2023-02-22 05:00:00,61.909,2581
CTVA,buy,2023-02-24 05:00:00,61.2406,10734
CTVA,sell,2023-03-09 05:00:00,60.8096,10734
CTVA,buy,2023-03-22 04:00:00,58.5793,1502
CTVA,sell,2023-05-04 04:00:00,56.8216,1502
CTVA,buy,2024-12-10 05:00:00,59.6948,4383
CTVA,sell,2024-12-13 05:00:00,58.7506,4383
CTVA,buy,2025-01-14 05:00:00,60.09,2726
CTVA,sell,2025-01-30 05:00:00,66.1369,2726
CTVA,buy,2025-03-18 04:00:00,61.5458,1833
CTVA,sell,2025-04-04 04:00:00,59.0605,1833
CTVA,buy,2025-04-10 04:00:00,57.6938,1332
CTVA,sell,2025-05-23 04:00:00,69.0155,1332
CTVA,buy,2025-10-06 04:00:00,63.5368,1102
CTVA,sell,2025-11-17 05:00:00,63.8681,1102
CTVA,buy,2025-11-19 05:00:00,64.8024,3912
CTVA,sell,2026-01-05 05:00:00,67.8511,3912
CTVA,buy,2026-06-17 04:00:00,77.0485,2212
CTVA,sell,2026-07-22 04:00:00,88.1959,2212
HAL,buy,2021-07-27 04:00:00,20.4102,8507
HAL,sell,2021-08-03 04:00:00,19.93,8507
HAL,buy,2021-08-09 04:00:00,19.5698,3488
HAL,sell,2021-08-19 04:00:00,18.4608,3488
HAL,buy,2021-08-24 04:00:00,19.5648,3777
HAL,sell,2021-09-28 04:00:00,22.3788,3777
HAL,buy,2021-11-24 05:00:00,22.6813,4713
HAL,sell,2021-11-26 05:00:00,21.7991,4713
HAL,buy,2021-12-03 05:00:00,22.4312,6343
HAL,sell,2021-12-07 05:00:00,23.1184,6343
HAL,buy,2021-12-14 05:00:00,22.5213,5785
HAL,sell,2021-12-15 05:00:00,21.7991,5785
HAL,buy,2021-12-17 05:00:00,22.4112,6566
HAL,sell,2021-12-20 05:00:00,21.7991,6566
HAL,buy,2021-12-22 05:00:00,22.5913,4847
HAL,sell,2022-01-11 05:00:00,26.8666,4847
HAL,buy,2022-07-26 04:00:00,28.8444,2773
HAL,sell,2022-08-04 04:00:00,27.1664,2773
HAL,buy,2022-08-10 04:00:00,28.2441,4163
HAL,sell,2022-09-21 04:00:00,27.1664,4163
HAL,buy,2023-02-27 05:00:00,36.9585,10941
HAL,sell,2023-02-28 05:00:00,36.5517,10941
HAL,buy,2023-03-02 05:00:00,37.2886,5666
HAL,sell,2023-03-09 05:00:00,36.5517,5666
HAL,buy,2023-04-03 04:00:00,33.5968,1265
HAL,sell,2023-05-02 04:00:00,30.4947,1265
HAL,buy,2023-05-23 04:00:00,30.4352,2198
HAL,sell,2023-05-31 04:00:00,28.7156,2198
HAL,buy,2023-06-02 04:00:00,30.9455,1391
HAL,sell,2023-07-11 04:00:00,36.8416,1391
HAL,buy,2023-11-15 05:00:00,39.2096,3356
HAL,sell,2023-11-16 05:00:00,38.021,3356
HAL,buy,2023-12-15 05:00:00,35.6378,8601
HAL,sell,2024-01-08 05:00:00,35.1824,8601
HAL,buy,2024-01-23 05:00:00,34.4472,3040
HAL,sell,2024-03-06 05:00:00,35.3323,3040
HAL,buy,2026-07-09 04:00:00,34.6773,2298
HAL,sell,2026-07-21 04:00:00,33.0435,2298
SUPN,buy,2021-03-19 04:00:00,25.7629,1579
SUPN,sell,2021-05-03 04:00:00,30.9845,1579
SUPN,buy,2021-07-26 04:00:00,27.3637,1771
SUPN,sell,2021-08-10 04:00:00,24.9075,1771
SUPN,buy,2021-08-24 04:00:00,24.9325,2280
SUPN,sell,2021-10-06 04:00:00,26.4268,2280
SUPN,buy,2022-02-09 05:00:00,31.4157,1409
SUPN,sell,2022-03-01 05:00:00,28.3558,1409
SUPN,buy,2022-03-11 05:00:00,31.3657,1422
SUPN,sell,2022-04-25 04:00:00,29.2754,1422
SUPN,buy,2022-05-16 04:00:00,26.9235,4285
SUPN,sell,2022-06-13 04:00:00,25.977,4285
SUPN,buy,2022-11-16 05:00:00,34.097,2787
SUPN,sell,2022-12-30 05:00:00,35.6322,2787
SUPN,buy,2023-03-15 04:00:00,35.2876,10906
SUPN,sell,2023-03-17 04:00:00,34.9025,10906
SUPN,buy,2023-03-22 04:00:00,36.3882,2616
SUPN,sell,2023-03-23 04:00:00,34.9025,2616
SUPN,buy,2023-03-28 04:00:00,36.4482,2145
SUPN,sell,2023-05-10 04:00:00,36.6717,2145
SUPN,buy,2023-05-17 04:00:00,35.1276,1539
SUPN,sell,2023-06-01 04:00:00,32.7036,1539
SUPN,buy,2023-06-07 04:00:00,34.8674,1807
SUPN,sell,2023-06-21 04:00:00,32.8835,1807
SUPN,buy,2023-07-12 04:00:00,30.9755,1384
SUPN,sell,2023-08-23 04:00:00,32.1039,1384
SUPN,buy,2025-03-18 04:00:00,31.7559,3674
SUPN,sell,2025-04-08 04:00:00,30.7946,3674
SUPN,buy,2025-04-10 04:00:00,31.0155,3563
SUPN,sell,2025-04-21 04:00:00,30.065,3563
SUPN,buy,2025-04-25 04:00:00,31.4857,1139
SUPN,sell,2025-06-09 04:00:00,33.2534,1139
SUPN,buy,2026-03-30 04:00:00,49.3647,1749
SUPN,sell,2026-05-01 04:00:00,47.4663,1749
SUPN,buy,2026-05-12 04:00:00,49.1946,1813
SUPN,sell,2026-05-27 04:00:00,47.4363,1813
SUPN,buy,2026-06-10 04:00:00,45.7429,1499
SUPN,sell,2026-06-15 04:00:00,43.7081,1499
SUPN,buy,2026-06-25 04:00:00,45.0225,2080
SUPN,sell,2026-08-04 04:00:00,43.6082,2080
DOW,buy,2021-07-22 04:00:00,58.6093,2632
DOW,sell,2021-09-02 04:00:00,62.5487,2632
DOW,buy,2021-09-24 04:00:00,57.2386,10065
DOW,sell,2021-10-06 04:00:00,56.7716,10065
DOW,buy,2021-10-08 04:00:00,58.8594,2052
DOW,sell,2021-10-13 04:00:00,56.7716,2052
DOW,buy,2021-10-15 04:00:00,59.4697,1519
DOW,sell,2021-10-27 04:00:00,56.7716,1519
DOW,buy,2021-11-03 04:00:00,58.4142,1579
DOW,sell,2021-11-30 05:00:00,55.922,1579
DOW,buy,2024-05-17 04:00:00,59.1195,1556
DOW,sell,2024-05-31 04:00:00,56.6916,1556
DOW,buy,2026-06-05 04:00:00,34.5873,3235
DOW,sell,2026-06-09 04:00:00,33.4633,3235
DOW,buy,2026-06-11 04:00:00,35.0525,1384
DOW,sell,2026-06-15 04:00:00,32.5537,1384
DOW,buy,2026-07-14 04:00:00,31.1155,1604
DOW,sell,2026-07-27 04:00:00,29.0455,1604
DOW,buy,2026-07-30 04:00:00,30.1701,2852
DOW,sell,2026-08-04 04:00:00,29.0455,2852
DOW,buy,2026-08-06 04:00:00,29.99,3266
DOW,sell,2026-08-20 04:00:00,32.5937,3266
RIOT,buy,2021-10-15 04:00:00,27.4837,1728
RIOT,sell,2021-10-18 04:00:00,28.9155,1728
RIOT,buy,2023-10-24 04:00:00,10.8054,2855
RIOT,sell,2023-10-31 04:00:00,9.3653,2855
RIOT,buy,2023-11-22 05:00:00,11.2106,5697
RIOT,sell,2023-12-04 05:00:00,14.3628,5697
RIOT,buy,2024-02-05 05:00:00,11.1756,7097
RIOT,sell,2024-02-06 05:00:00,10.5147,7097
RIOT,buy,2024-02-08 05:00:00,11.8359,3393
RIOT,sell,2024-02-12 05:00:00,15.2924,3393
RIOT,buy,2024-03-26 04:00:00,12.4312,2581
RIOT,sell,2024-04-02 04:00:00,10.5147,2581
RIOT,buy,2026-03-26 04:00:00,14.8074,3827
RIOT,sell,2026-03-27 04:00:00,13.5632,3827
BG,buy,2021-07-22 04:00:00,75.8479,2164
BG,sell,2021-08-19 04:00:00,73.963,2164
BG,buy,2021-08-26 04:00:00,76.1781,1901
BG,sell,2021-10-08 04:00:00,84.3078,1901
BG,buy,2022-07-20 04:00:00,89.5648,28786
BG,sell,2022-07-21 04:00:00,92.2439,28786
BG,buy,2022-07-25 04:00:00,92.096,2807
BG,sell,2022-07-27 04:00:00,89.3653,2807
BG,buy,2022-07-29 04:00:00,89.7348,1261
BG,sell,2022-09-12 04:00:00,94.8725,1261
BG,buy,2023-10-18 04:00:00,105.1025,3876
BG,sell,2023-10-20 04:00:00,103.1184,3876
BG,buy,2023-10-27 04:00:00,106.073,2474
BG,sell,2023-11-08 05:00:00,103.1184,2474
BG,buy,2023-11-10 05:00:00,104.152,7018
BG,sell,2023-11-13 05:00:00,103.1184,7018
BG,buy,2023-11-15 05:00:00,106.8434,1797
BG,sell,2023-12-07 05:00:00,103.1184,1797
BG,buy,2026-01-05 05:00:00,92.4162,1531
BG,sell,2026-01-15 05:00:00,108.4058,1531
BG,buy,2026-07-09 04:00:00,114.3571,1901
BG,sell,2026-07-29 04:00:00,110.4547,1901
BG,buy,2026-08-14 04:00:00,113.7669,2154
BG,sell,2026-08-24 04:00:00,110.4547,2154
MUR,buy,2021-09-13 04:00:00,20.5903,6247
MUR,sell,2021-09-14 04:00:00,20.8396,6247
MUR,buy,2022-08-11 04:00:00,35.1676,1119
MUR,sell,2022-09-23 04:00:00,33.3183,1119
MUR,buy,2023-01-10 05:00:00,42.041,2616
MUR,sell,2023-02-06 05:00:00,40.4997,2616
MUR,buy,2023-02-08 05:00:00,42.4012,11887
MUR,sell,2023-02-09 05:00:00,42.059,11887
MUR,buy,2023-02-13 05:00:00,42.6113,6880
MUR,sell,2023-02-15 05:00:00,42.059,6880
MUR,buy,2023-02-28 05:00:00,40.6103,2871
MUR,sell,2023-03-01 05:00:00,39.3703,2871
MUR,buy,2023-03-06 05:00:00,41.2106,4198
MUR,sell,2023-03-07 05:00:00,40.3898,4198
MUR,buy,2023-03-30 04:00:00,36.7384,2934
MUR,sell,2023-04-26 04:00:00,35.6222,2934
MUR,buy,2023-05-01 04:00:00,36.1731,5800
MUR,sell,2023-05-02 04:00:00,35.6222,5800
MUR,buy,2023-05-10 04:00:00,34.6223,8921
MUR,sell,2023-05-11 04:00:00,34.2729,8921
MUR,buy,2023-11-15 05:00:00,43.9219,968
MUR,sell,2023-12-06 05:00:00,40.9695,968
MUR,buy,2023-12-14 05:00:00,42.021,1035
MUR,sell,2024-01-11 05:00:00,39.3703,1035
MUR,buy,2024-01-30 05:00:00,38.8994,1228
MUR,sell,2024-03-13 04:00:00,43.2684,1228
MUR,buy,2026-02-06 05:00:00,31.2656,840
MUR,sell,2026-03-20 04:00:00,38.7806,840
MUR,buy,2026-07-08 04:00:00,33.967,1244
MUR,sell,2026-07-23 04:00:00,39.6702,1244
VNOM,buy,2022-07-19 04:00:00,25.6828,10182
VNOM,sell,2022-07-26 04:00:00,29.1654,10182
VNOM,buy,2022-12-13 05:00:00,31.5558,2224
VNOM,sell,2023-01-03 05:00:00,29.1054,2224
VNOM,buy,2023-01-09 05:00:00,31.0655,2817
VNOM,sell,2023-02-22 05:00:00,29.2953,2817
VNOM,buy,2023-03-02 05:00:00,29.4097,50161
VNOM,sell,2023-03-08 05:00:00,29.2953,50161
VNOM,buy,2023-03-21 04:00:00,28.109,3789
VNOM,sell,2023-03-24 04:00:00,26.8366,3789
VNOM,buy,2023-03-28 04:00:00,27.8139,4750
VNOM,sell,2023-05-02 04:00:00,26.8366,4750
VNOM,buy,2025-02-04 05:00:00,47.5087,8468
VNOM,sell,2025-02-11 05:00:00,51.7441,8468
VNOM,buy,2025-02-18 05:00:00,49.8749,3631
VNOM,sell,2025-02-21 05:00:00,48.2459,3631
VNOM,buy,2025-03-03 05:00:00,47.1336,3768
VNOM,sell,2025-03-04 05:00:00,45.6272,3768
VNOM,buy,2025-03-18 04:00:00,44.067,3256
VNOM,sell,2025-04-03 04:00:00,42.3988,3256
VNOM,buy,2025-04-25 04:00:00,40.9855,2387
VNOM,sell,2025-06-03 04:00:00,38.8106,2387
VNOM,buy,2026-06-05 04:00:00,46.3282,8693
VNOM,sell,2026-06-09 04:00:00,45.7371,8693
VNOM,buy,2026-07-09 04:00:00,42.7113,27625
VNOM,sell,2026-07-10 04:00:00,42.5187,27625
VNOM,buy,2026-07-14 04:00:00,43.6918,3924
VNOM,sell,2026-07-28 04:00:00,42.5187,3924
VNOM,buy,2026-07-30 04:00:00,43.2316,6270
VNOM,sell,2026-08-04 04:00:00,42.5187,6270
MIAX,buy,2026-02-17 05:00:00,42.001,5326
MIAX,sell,2026-02-18 05:00:00,41.2294,5326
MIAX,buy,2026-02-26 05:00:00,41.6308,1681
MIAX,sell,2026-03-11 04:00:00,39.3303,1681
MIAX,buy,2026-03-17 04:00:00,39.9149,1233
MIAX,sell,2026-04-28 04:00:00,46.8366,1233
MIAX,buy,2026-07-23 04:00:00,41.6058,11305
MIAX,sell,2026-07-28 04:00:00,43.6182,11305
MIAX,buy,2026-08-07 04:00:00,45.5978,1288
MIAX,sell,2026-08-19 04:00:00,41.7491,1288
AKR,buy,2021-09-15 04:00:00,20.5303,4998
AKR,sell,2021-09-20 04:00:00,19.7201,4998
AKR,buy,2021-09-29 04:00:00,20.6703,4262
AKR,sell,2021-11-11 05:00:00,22.8086,4262
AKR,buy,2021-12-03 05:00:00,21.0705,12341
AKR,sell,2021-12-07 05:00:00,22.1789,12341
AKR,buy,2021-12-10 05:00:00,21.6308,5272
AKR,sell,2021-12-13 05:00:00,20.7196,5272
AKR,buy,2021-12-15 05:00:00,20.6253,5147
AKR,sell,2021-12-20 05:00:00,19.7301,5147
AKR,buy,2021-12-22 05:00:00,21.3607,6934
AKR,sell,2022-01-20 05:00:00,20.7196,6934
AKR,buy,2022-02-11 05:00:00,20.06,12712
AKR,sell,2022-02-14 05:00:00,19.7201,12712
AKR,buy,2022-02-16 05:00:00,20.3702,6283
AKR,sell,2022-02-17 05:00:00,20.6797,6283
AKR,buy,2022-02-22 05:00:00,20.9905,15741
AKR,sell,2022-02-24 05:00:00,20.7196,15741
AKR,buy,2022-03-01 05:00:00,21.3707,6133
AKR,sell,2022-04-06 04:00:00,20.7196,6133
AKR,buy,2022-04-14 04:00:00,21.4607,9179
AKR,sell,2022-04-22 04:00:00,21.0395,9179
AKR,buy,2022-04-29 04:00:00,21.8309,2599
AKR,sell,2022-05-02 04:00:00,20.4298,2599
AKR,buy,2022-05-05 04:00:00,21.1906,4622
AKR,sell,2022-05-06 04:00:00,20.4298,4622
AKR,buy,2024-03-21 04:00:00,16.8634,5805
AKR,sell,2024-03-25 04:00:00,16.2819,5805
AKR,buy,2024-03-28 04:00:00,16.8884,5337
AKR,sell,2024-04-02 04:00:00,16.2819,5337
AKR,buy,2024-04-09 04:00:00,16.8834,4838
AKR,sell,2024-05-21 04:00:00,16.8616,4838
AKR,buy,2024-06-10 04:00:00,16.8484,5290
AKR,sell,2024-07-17 04:00:00,19.93,5290
AKR,buy,2025-01-17 05:00:00,23.1116,3196
AKR,sell,2025-03-04 05:00:00,22.7986,3196
AKR,buy,2025-03-18 04:00:00,21.4457,6608
AKR,sell,2025-03-21 04:00:00,20.8796,6608
AKR,buy,2025-04-25 04:00:00,19.5148,3728
AKR,sell,2025-06-09 04:00:00,19.8001,3728
HASI,buy,2021-04-05 04:00:00,55.7929,1060
HASI,sell,2021-04-20 04:00:00,51.994,1060
HASI,buy,2021-04-22 04:00:00,54.4372,1588
HASI,sell,2021-04-30 04:00:00,51.994,1588
HASI,buy,2021-05-21 04:00:00,49.945,3031
HASI,sell,2021-05-25 04:00:00,48.7056,3031
HASI,buy,2021-05-27 04:00:00,50.5252,1968
HASI,sell,2021-06-03 04:00:00,48.7056,1968
HASI,buy,2021-06-07 04:00:00,48.4542,853
HASI,sell,2021-06-24 04:00:00,55.2923,853
HASI,buy,2021-07-21 04:00:00,56.6283,798
HASI,sell,2021-09-01 04:00:00,61.2194,798
HASI,buy,2021-09-09 04:00:00,57.7939,1151
HASI,sell,2021-09-20 04:00:00,54.4927,1151
HASI,buy,2021-09-23 04:00:00,56.6833,1672
HASI,sell,2021-09-29 04:00:00,54.4927,1672
HASI,buy,2021-10-13 04:00:00,56.5883,1530
HASI,sell,2021-11-05 04:00:00,64.4378,1530
HASI,buy,2021-12-08 05:00:00,58.9495,853
HASI,sell,2021-12-15 05:00:00,54.2928,853
HASI,buy,2021-12-23 05:00:00,54.057,1968
HASI,sell,2022-01-05 05:00:00,52.1039,1968
HASI,buy,2024-12-02 05:00:00,31.2156,5085
HASI,sell,2024-12-03 05:00:00,30.4848,5085
HASI,buy,2024-12-05 05:00:00,31.0755,6065
HASI,sell,2024-12-10 05:00:00,30.4848,6065
HASI,buy,2024-12-12 05:00:00,30.3552,1661
HASI,sell,2024-12-17 05:00:00,28.3258,1661
HASI,buy,2025-01-06 05:00:00,28.009,4071
HASI,sell,2025-01-07 05:00:00,27.2064,4071
HASI,buy,2025-01-10 05:00:00,27.2436,130504
HASI,sell,2025-01-13 05:00:00,27.2064,130504
HASI,buy,2025-01-15 05:00:00,28.6243,2056
HASI,sell,2025-01-22 05:00:00,27.2064,2056
HASI,buy,2025-01-27 05:00:00,27.9139,1749
HASI,sell,2025-03-11 04:00:00,28.5757,1749
HASI,buy,2026-06-15 04:00:00,38.7294,1145
HASI,sell,2026-07-29 04:00:00,37.6212,1145
HLF,buy,2025-10-15 04:00:00,8.7944,9891
HLF,sell,2025-10-24 04:00:00,8.3858,9891
HLF,buy,2025-11-03 05:00:00,8.064,16401
HLF,sell,2025-11-06 05:00:00,8.8456,16401
HLF,buy,2026-06-12 04:00:00,12.4262,4965
HLF,sell,2026-06-17 04:00:00,11.5442,4965
HLF,buy,2026-06-22 04:00:00,11.961,10160
HLF,sell,2026-08-04 04:00:00,12.7986,10160
MO,buy,2021-07-02 04:00:00,47.8539,2100
MO,sell,2021-08-16 04:00:00,48.3758,2100
MO,buy,2021-08-18 04:00:00,48.4542,2489
MO,sell,2021-09-30 04:00:00,46.8066,2489
MO,buy,2021-10-13 04:00:00,47.3337,3422
MO,sell,2021-10-28 04:00:00,46.1769,3422
MO,buy,2022-05-17 04:00:00,54.112,3376
MO,sell,2022-05-19 04:00:00,52.9835,3376
MO,buy,2022-05-25 04:00:00,53.1266,1418
MO,sell,2022-06-08 04:00:00,50.5847,1418
MO,buy,2025-01-28 05:00:00,53.3567,9879
MO,sell,2025-01-29 05:00:00,52.9835,9879
MO,buy,2025-02-04 05:00:00,52.9264,1159
MO,sell,2025-03-19 04:00:00,57.931,1159
MO,buy,2025-05-16 04:00:00,58.109,2029
MO,sell,2025-07-01 04:00:00,58.1209,2029
MO,buy,2025-07-24 04:00:00,59.8299,1154
MO,sell,2025-08-20 04:00:00,66.6467,1154
MO,buy,2025-11-12 05:00:00,58.3592,2534
MO,sell,2025-12-26 05:00:00,57.5512,2534
MO,buy,2026-01-12 05:00:00,57.5388,5066
MO,sell,2026-01-14 05:00:00,61.0695,5066
MO,buy,2026-01-30 05:00:00,60.105,1349
MO,sell,2026-02-03 05:00:00,64.3678,1349
MO,buy,2026-02-11 05:00:00,64.2071,3480
MO,sell,2026-03-26 04:00:00,64.5777,3480
MO,buy,2026-05-11 04:00:00,68.7894,920
MO,sell,2026-06-24 04:00:00,72.019,920
CELC,buy,2021-10-18 04:00:00,18.3091,2084
CELC,sell,2021-11-18 05:00:00,16.3818,2084
CELC,buy,2024-06-13 04:00:00,15.4377,5749
CELC,sell,2024-06-17 04:00:00,14.7626,5749
CELC,buy,2024-06-20 04:00:00,15.1976,3692
CELC,sell,2024-07-11 04:00:00,17.6812,3692
CELC,buy,2024-08-29 04:00:00,16.6733,11149
CELC,sell,2024-08-30 04:00:00,16.3018,11149
CELC,buy,2024-09-20 04:00:00,15.1025,4036
CELC,sell,2024-09-23 04:00:00,14.1329,4036
CELC,buy,2024-09-26 04:00:00,14.3572,17168
CELC,sell,2024-10-08 04:00:00,15.5222,17168
CELC,buy,2024-10-10 04:00:00,14.2671,38664
CELC,sell,2024-10-15 04:00:00,15.4323,38664
CELC,buy,2024-10-17 04:00:00,15.7279,4116
CELC,sell,2024-11-14 05:00:00,14.1829,4116
CELC,buy,2026-06-24 04:00:00,90.8854,816
CELC,sell,2026-07-24 04:00:00,83.3983,816
DAN,buy,2021-07-06 04:00:00,23.4117,4641
DAN,sell,2021-07-07 04:00:00,22.5387,4641
DAN,buy,2021-07-12 04:00:00,22.7714,17336
DAN,sell,2021-07-16 04:00:00,22.5387,17336
DAN,buy,2021-07-21 04:00:00,23.4917,3904
DAN,sell,2021-07-27 04:00:00,22.5387,3904
DAN,buy,2021-07-29 04:00:00,23.4617,3869
DAN,sell,2021-08-19 04:00:00,22.5387,3869
DAN,buy,2021-08-25 04:00:00,23.2816,4626
DAN,sell,2021-09-07 04:00:00,22.5387,4626
DAN,buy,2021-09-14 04:00:00,22.2611,12436
DAN,sell,2021-09-15 04:00:00,21.989,12436
DAN,buy,2021-09-17 04:00:00,22.6513,4778
DAN,sell,2021-09-20 04:00:00,21.989,4778
DAN,buy,2021-09-23 04:00:00,22.3011,3350
DAN,sell,2021-09-24 04:00:00,23.1284,3350
DAN,buy,2021-09-29 04:00:00,23.6118,2916
DAN,sell,2021-09-30 04:00:00,22.5387,2916
DAN,buy,2021-10-04 04:00:00,23.962,2104
DAN,sell,2021-10-06 04:00:00,22.5387,2104
DAN,buy,2021-10-14 04:00:00,24.4622,3645
DAN,sell,2021-10-26 04:00:00,23.6682,3645
DAN,buy,2021-11-02 04:00:00,22.4712,16967
DAN,sell,2021-11-26 05:00:00,22.2988,16967
DAN,buy,2021-12-03 05:00:00,22.8314,5022
DAN,sell,2021-12-10 05:00:00,22.2988,5022
COLM,buy,2021-06-14 04:00:00,103.6668,3108
COLM,sell,2021-06-15 04:00:00,102.3288,3108
COLM,buy,2021-06-28 04:00:00,100.8604,11965
COLM,sell,2021-06-29 04:00:00,100.4897,11965
COLM,buy,2021-07-06 04:00:00,101.8209,2214
COLM,sell,2021-07-07 04:00:00,100.1199,2214
COLM,buy,2021-07-13 04:00:00,100.8604,5077
COLM,sell,2021-07-15 04:00:00,100.1199,5077
COLM,buy,2021-07-21 04:00:00,100.5102,635
COLM,sell,2021-09-01 04:00:00,103.898,635
COLM,buy,2021-09-03 04:00:00,103.3066,889
COLM,sell,2021-09-08 04:00:00,99.3903,889
COLM,buy,2021-09-28 04:00:00,100.3101,3550
COLM,sell,2021-09-30 04:00:00,99.3303,3550
COLM,buy,2021-10-08 04:00:00,96.8084,888
COLM,sell,2021-11-19 05:00:00,103.1884,888
COLM,buy,2023-04-04 04:00:00,91.2356,540
COLM,sell,2023-04-28 04:00:00,84.9175,540
CWEN,buy,2021-03-15 04:00:00,28.5142,4575
CWEN,sell,2021-03-17 04:00:00,27.6262,4575
CWEN,buy,2021-03-26 04:00:00,27.0485,4045
CWEN,sell,2021-05-10 04:00:00,26.087,4045
CWEN,buy,2021-05-21 04:00:00,26.6433,5090
CWEN,sell,2021-07-06 04:00:00,26.4068,5090
CWEN,buy,2022-02-01 05:00:00,33.7269,7953
CWEN,sell,2022-02-02 05:00:00,33.2534,7953
CWEN,buy,2022-02-10 05:00:00,32.9014,3191
CWEN,sell,2022-02-22 05:00:00,31.7941,3191
CWEN,buy,2022-02-28 05:00:00,33.6968,1601
CWEN,sell,2022-04-12 04:00:00,34.2828,1601
CWEN,buy,2022-04-21 04:00:00,35.0075,6658
CWEN,sell,2022-04-22 04:00:00,34.4828,6658
CWEN,buy,2022-05-12 04:00:00,31.6758,3319
CWEN,sell,2022-05-18 04:00:00,33.4033,3319
CWEN,buy,2022-05-20 04:00:00,32.8664,1504
CWEN,sell,2022-07-06 04:00:00,35.3073,1504
CWEN,buy,2022-11-23 05:00:00,35.9079,8449
CWEN,sell,2022-11-28 05:00:00,35.4623,8449
CWEN,buy,2024-10-31 04:00:00,27.6438,2095
CWEN,sell,2024-11-06 05:00:00,25.977,2095
CWEN,buy,2024-11-08 05:00:00,27.7939,1843
CWEN,sell,2024-12-18 05:00:00,25.977,1843
CWEN,buy,2025-01-17 05:00:00,26.5383,4705
CWEN,sell,2025-01-21 05:00:00,25.8471,4705
CWEN,buy,2025-01-27 05:00:00,26.2581,1255
CWEN,sell,2025-03-11 04:00:00,28.7856,1255
CWEN,buy,2025-08-20 04:00:00,30.4152,2352
CWEN,sell,2025-09-02 04:00:00,29.0455,2352
CWEN,buy,2025-10-02 04:00:00,29.7148,1518
CWEN,sell,2025-11-13 05:00:00,35.5572,1518
CWEN,buy,2025-12-23 05:00:00,33.6568,2000
CWEN,sell,2026-01-07 05:00:00,31.934,2000
CWEN,buy,2026-01-14 05:00:00,33.1416,2479
CWEN,sell,2026-02-06 05:00:00,38.001,2479
CWEN,buy,2026-05-21 04:00:00,37.2986,12176
CWEN,sell,2026-05-22 04:00:00,38.4708,12176
CWEN,buy,2026-06-09 04:00:00,38.8294,4708
CWEN,sell,2026-06-10 04:00:00,37.891,4708
CWEN,buy,2026-06-16 04:00:00,38.5793,3350
CWEN,sell,2026-06-17 04:00:00,37.3213,3350
CWEN,buy,2026-07-15 04:00:00,34.9675,1122
CWEN,sell,2026-07-28 04:00:00,31.4043,1122
CWEN,buy,2026-07-31 04:00:00,31.966,7270
CWEN,sell,2026-08-03 04:00:00,31.4243,7270
POR,buy,2021-07-16 04:00:00,47.8839,2347
POR,sell,2021-08-27 04:00:00,50.7646,2347
POR,buy,2021-10-05 04:00:00,48.4942,1845
POR,sell,2021-11-17 05:00:00,49.4253,1845
POR,buy,2022-02-28 05:00:00,50.3302,2027
POR,sell,2022-04-12 04:00:00,55.1724,2027
POR,buy,2022-05-18 04:00:00,47.954,2552
POR,sell,2022-06-14 04:00:00,46.077,2552
POR,buy,2024-10-15 04:00:00,47.8189,6496
POR,sell,2024-11-01 04:00:00,47.0964,6496
POR,buy,2024-11-22 05:00:00,47.8039,5773
POR,sell,2024-12-02 05:00:00,47.0265,5773
POR,buy,2026-01-13 05:00:00,48.8194,2268
POR,sell,2026-02-13 05:00:00,53.993,2268
POR,buy,2026-05-01 04:00:00,50.7454,8359
POR,sell,2026-05-04 04:00:00,50.1649,8359
POR,buy,2026-05-20 04:00:00,49.4047,2036
POR,sell,2026-07-06 04:00:00,51.959,2036
POR,buy,2026-07-09 04:00:00,52.056,2508
POR,sell,2026-07-29 04:00:00,50.1749,2508
LXU,buy,2022-07-28 04:00:00,13.7169,1863
LXU,sell,2022-09-09 04:00:00,16.2519,1863
LXU,buy,2022-09-21 04:00:00,15.7179,1507
LXU,sell,2022-09-23 04:00:00,12.9335,1507
LXU,buy,2025-12-08 05:00:00,8.8744,4126
LXU,sell,2026-01-22 05:00:00,9.7451,4126
LXU,buy,2026-06-15 04:00:00,11.8059,18436
LXU,sell,2026-06-18 04:00:00,11.5742,18436
LXU,buy,2026-07-08 04:00:00,11.2706,2495
LXU,sell,2026-08-04 04:00:00,9.6652,2495
